original lang	unique count	subtitle lang	estimated word count
English	85255	en	426.275M
English	70417	pt_br	352.085M
English	64452	es	322.26M
English	54429	ro	272.145M
English	50912	sr	254.56M
English	50652	pl	253.26M
English	49537	fr	247.685M
English	48015	nl	240.075M
English	47740	el	238.7M
English	47113	tr	235.565M
English	46979	hu	234.895M
English	46360	cs	231.8M
English	43559	bg	217.795M
English	42816	hr	214.08M
English	39624	pt	198.12M
English	36742	he	183.71M
English	36058	fi	180.29M
English	35394	ar	176.97M
English	28193	ru	140.965M
English	25377	de	126.885M
English	23567	sl	117.835M
English	21126	sv	105.63M
English	16888	bs	84.44M
English	16660	da	83.3M
English	13616	et	68.08M
English	9826	zh_cn	49.13M
English	9585	sk	47.925M
English	9231	no	46.155M
English	6561	fa	32.805M
French	4197	en	20.985M
English	4156	zh_tw	20.78M
English	4127	th	20.635M
Japanese	4031	en	20.155M
English	3996	mk	19.98M
English	3933	ze_zh	19.665M
English	3933	ze_en	19.665M
English	3386	vi	16.93M
French	2630	es	13.15M
Japanese	2604	pt_br	13.02M
English	2463	ja	12.315M
Japanese	2309	tr	11.545M
French	2258	pt_br	11.29M
Spanish	2164	en	10.82M
Japanese	2149	hu	10.745M
Italian	2045	en	10.225M
French	1957	fr	9.785M
Japanese	1951	es	9.755M
English	1733	sq	8.665M
German	1697	en	8.485M
Japanese	1610	fr	8.05M
English	1598	ms	7.99M
Hindi	1535	en	7.675M
English	1527	ko	7.635M
Japanese	1525	pl	7.625M
Japanese	1506	cs	7.53M
French	1476	ro	7.38M
Korean	1465	en	7.325M
French	1432	sr	7.16M
French	1422	tr	7.11M
Italian	1408	es	7.04M
French	1360	de	6.8M
French	1346	el	6.73M
Spanish	1322	pt_br	6.61M
German	1265	de	6.325M
French	1178	nl	5.89M
Spanish	1167	es	5.835M
Cantonese	1161	en	5.805M
French	1159	ru	5.795M
French	1142	bg	5.71M
English	1131	lt	5.655M
Japanese	1126	ru	5.63M
Italian	1122	pt_br	5.61M
Japanese	1121	sr	5.605M
Italian	1112	ro	5.56M
French	1048	cs	5.24M
Mandarin	1021	en	5.105M
English	1013	uk	5.065M
French	980	pl	4.9M
Japanese	950	ar	4.75M
Korean	933	tr	4.665M
Russian	933	en	4.665M
Spanish	932	sr	4.66M
Japanese	926	bg	4.63M
Japanese	914	zh_cn	4.57M
German	865	es	4.325M
Japanese	849	ro	4.245M
French	828	hu	4.14M
Italian	813	sr	4.065M
German	804	pt_br	4.02M
Italian	802	el	4.01M
Italian	791	fr	3.955M
Swedish	765	en	3.825M
French	733	pt	3.665M
Swedish	730	sv	3.65M
Hindi	717	es	3.585M
Hindi	716	ro	3.58M
Korean	708	hu	3.54M
Hindi	705	pt_br	3.525M
Korean	696	es	3.48M
French	690	hr	3.45M
Spanish	686	ro	3.43M
Hindi	675	bg	3.375M
Korean	667	bg	3.335M
Danish	662	en	3.31M
Portuguese	653	en	3.265M
Spanish	641	el	3.205M
Spanish	638	fr	3.19M
Spanish	625	tr	3.125M
Spanish	607	bg	3.035M
English	595	eu	2.975M
Italian	591	cs	2.955M
Japanese	589	de	2.945M
English	582	ca	2.91M
Japanese	563	el	2.815M
English	560	si	2.8M
Hindi	558	pl	2.79M
Russian	554	sr	2.77M
German	549	fr	2.745M
Korean	537	pl	2.685M
Italian	533	bg	2.665M
Spanish	524	hu	2.62M
Korean	523	cs	2.615M
Dutch	520	en	2.6M
Hindi	519	hu	2.595M
German	516	sr	2.58M
German	511	cs	2.555M
Italian	500	tr	2.5M
Swedish	500	fi	2.5M
French	499	ar	2.495M
Korean	492	fr	2.46M
Polish	481	en	2.405M
Cantonese	480	zh_cn	2.4M
Spanish	480	pl	2.4M
Korean	466	ro	2.33M
Hindi	466	tr	2.33M
Japanese	466	nl	2.33M
Italian	463	hu	2.315M
French	459	zh_cn	2.295M
French	458	he	2.29M
Russian	457	bg	2.285M
Swedish	454	es	2.27M
Italian	448	de	2.24M
Korean	447	el	2.235M
Hindi	445	ar	2.225M
Spanish	442	cs	2.21M
Russian	439	es	2.195M
German	436	tr	2.18M
Hindi	434	sr	2.17M
Portuguese	433	es	2.165M
English	428	lv	2.14M
Spanish	421	pt	2.105M
French	419	sl	2.095M
Korean	417	ar	2.085M
Korean	415	pt_br	2.075M
Czech	414	en	2.07M
Norwegian	411	en	2.055M
French	410	fi	2.05M
German	402	ro	2.01M
Thai	401	en	2.005M
Japanese	387	hr	1.935M
Japanese	387	pt	1.935M
Mandarin	382	tr	1.91M
Turkish	380	en	1.9M
Swedish	378	pt_br	1.89M
German	376	bg	1.88M
Mandarin	376	es	1.88M
German	366	el	1.83M
Italian	363	pt	1.815M
Japanese	363	zh_tw	1.815M
Italian	362	pl	1.81M
Italian	362	hr	1.81M
Danish	361	es	1.805M
Korean	358	zh_cn	1.79M
German	356	ru	1.78M
French	355	bs	1.775M
German	354	pl	1.77M
Korean	353	ru	1.765M
French	350	sv	1.75M
German	346	hu	1.73M
Spanish	346	ru	1.73M
Portuguese	345	pt_br	1.725M
Mandarin	340	zh_cn	1.7M
Turkish	338	tr	1.69M
Russian	337	ro	1.685M
Spanish	332	hr	1.66M
Italian	331	nl	1.655M
Cantonese	325	fr	1.625M
Russian	322	ru	1.61M
Cantonese	320	es	1.6M
Russian	316	pt_br	1.58M
Danish	315	da	1.575M
Russian	310	tr	1.55M
Mandarin	300	pt_br	1.5M
Swedish	298	no	1.49M
German	296	hr	1.48M
Dutch	296	nl	1.48M
Russian	294	pl	1.47M
Italian	293	ru	1.465M
Russian	292	hu	1.46M
Korean	291	sr	1.455M
English	291	bn	1.455M
Mandarin	291	ro	1.455M
Hindi	289	el	1.445M
Hindi	287	fr	1.435M
Mandarin	286	fr	1.43M
French	285	et	1.425M
Japanese	283	fi	1.415M
Greek	283	en	1.415M
Finnish	282	en	1.41M
Russian	281	fr	1.405M
Portuguese	280	fr	1.4M
Danish	276	pt_br	1.38M
German	275	nl	1.375M
Cantonese	272	ro	1.36M
Swedish	272	sr	1.36M
Spanish	271	de	1.355M
Swedish	269	de	1.345M
Japanese	267	he	1.335M
Japanese	267	sk	1.335M
Cantonese	264	pl	1.32M
Telugu	262	en	1.31M
Hindi	260	pt	1.3M
Tamil	259	en	1.295M
Finnish	259	fi	1.295M
Japanese	256	th	1.28M
Mandarin	255	pl	1.275M
Russian	254	cs	1.27M
Cantonese	254	cs	1.27M
Swedish	253	da	1.265M
Korean	250	th	1.25M
Spanish	247	nl	1.235M
Swedish	246	ro	1.23M
English	244	ka	1.22M
Spanish	243	ar	1.215M
Czech	241	cs	1.205M
Spanish	240	he	1.2M
Mandarin	236	sr	1.18M
Danish	236	no	1.18M
Japanese	236	bs	1.18M
Mandarin	235	bg	1.175M
Danish	235	sr	1.175M
Hungarian	235	en	1.175M
Swedish	234	nl	1.17M
Hebrew	233	en	1.165M
German	232	pt	1.16M
Danish	231	nl	1.155M
Mandarin	231	cs	1.155M
Italian	230	ar	1.15M
Swedish	229	cs	1.145M
Danish	228	ro	1.14M
Cantonese	226	pt_br	1.13M
Cantonese	225	bg	1.125M
Cantonese	225	tr	1.125M
Swedish	225	tr	1.125M
Danish	222	sv	1.11M
Danish	221	tr	1.105M
Spanish	217	fi	1.085M
French	215	sk	1.075M
Danish	215	hu	1.075M
Swedish	213	hr	1.065M
Danish	211	cs	1.055M
Norwegian	211	no	1.055M
Italian	206	bs	1.03M
Mandarin	204	hu	1.02M
German	200	fi	1.0M
Mandarin	199	el	0.995M
Swedish	197	pl	0.985M
Spanish	196	bs	0.98M
Italian	195	zh_cn	0.975M
Polish	195	es	0.975M
Cantonese	192	sr	0.96M
Japanese	191	sl	0.955M
Malayalam	190	en	0.95M
Swedish	189	bg	0.945M
Danish	186	fi	0.93M
Norwegian	185	pt_br	0.925M
Italian	185	fi	0.925M
English	183	gl	0.915M
Hindi	183	cs	0.915M
Russian	181	hr	0.905M
Cantonese	179	hu	0.895M
Dutch	179	pt_br	0.895M
Spanish	176	sl	0.88M
Mandarin	174	de	0.87M
German	171	zh_cn	0.855M
German	171	sl	0.855M
Dutch	171	es	0.855M
Swedish	169	fr	0.845M
Korean	168	de	0.84M
Danish	167	hr	0.835M
Norwegian	167	es	0.835M
Russian	163	el	0.815M
Danish	163	bg	0.815M
Swedish	162	ru	0.81M
Russian	162	et	0.81M
Serbo-Croatian	161	en	0.805M
French	161	da	0.805M
Portuguese	159	ro	0.795M
Filipino	159	en	0.795M
Cantonese	159	de	0.795M
Cantonese	159	el	0.795M
Hindi	158	fa	0.79M
Danish	155	fr	0.775M
Hebrew	154	ru	0.77M
Swedish	153	el	0.765M
Mandarin	153	ar	0.765M
Danish	153	de	0.765M
Romanian	153	en	0.765M
French	153	zh_tw	0.765M
English	152	ml	0.76M
Polish	151	pt_br	0.755M
Korean	150	zh_tw	0.75M
Dutch	150	sr	0.75M
Hebrew	147	bg	0.735M
German	144	ar	0.72M
Korean	144	pt	0.72M
Arabic	144	en	0.72M
Russian	143	zh_cn	0.715M
Mandarin	143	pt	0.715M
Portuguese	142	tr	0.71M
Hindi	142	bs	0.71M
Swedish	141	hu	0.705M
Russian	140	de	0.7M
Cantonese	140	ar	0.7M
Korean	140	hr	0.7M
Czech	138	es	0.69M
Spanish	138	sv	0.69M
Polish	137	cs	0.685M
Norwegian	136	hu	0.68M
Mandarin	136	hr	0.68M
Mandarin	136	nl	0.68M
Danish	135	ru	0.675M
Spanish	135	zh_cn	0.675M
Turkish	134	pt_br	0.67M
Persian	133	en	0.665M
Cantonese	132	nl	0.66M
Czech	132	pl	0.66M
Norwegian	132	cs	0.66M
Italian	130	sv	0.65M
Dutch	130	fr	0.65M
Turkish	130	bg	0.65M
Norwegian	128	sv	0.64M
Norwegian	127	tr	0.635M
Danish	126	pl	0.63M
Serbian	126	en	0.63M
Russian	124	bs	0.62M
Korean	123	he	0.615M
Japanese	123	et	0.615M
German	122	bs	0.61M
Cantonese	122	pt	0.61M
Portuguese	121	pt	0.605M
Polish	119	ru	0.595M
Polish	119	tr	0.595M
Norwegian	118	sr	0.59M
Polish	118	pl	0.59M
Finnish	118	es	0.59M
Turkish	118	es	0.59M
Norwegian	118	de	0.59M
Thai	118	pt_br	0.59M
German	117	he	0.585M
Italian	116	sl	0.58M
Polish	115	ro	0.575M
Italian	115	he	0.575M
German	115	et	0.575M
Norwegian	114	fi	0.57M
Finnish	113	sv	0.565M
Mandarin	113	zh_tw	0.565M
Dutch	112	tr	0.56M
German	112	sv	0.56M
Cantonese	111	zh_tw	0.555M
Norwegian	110	pl	0.55M
Polish	110	sr	0.55M
Polish	109	fr	0.545M
Portuguese	109	nl	0.545M
Japanese	109	sv	0.545M
Hindi	109	hr	0.545M
Portuguese	109	sr	0.545M
Thai	108	es	0.54M
Turkish	107	sr	0.535M
Spanish	107	sk	0.535M
Norwegian	107	ro	0.535M
Russian	106	pt	0.53M
Thai	105	tr	0.525M
Czech	105	pt_br	0.525M
Korean	105	sk	0.525M
Danish	104	el	0.52M
Hebrew	104	he	0.52M
Mandarin	103	fi	0.515M
Korean	103	nl	0.515M
Cantonese	103	hr	0.515M
Hindi	102	ms	0.51M
German	99	sk	0.495M
Mandarin	99	ru	0.495M
Dutch	98	cs	0.49M
Swedish	97	et	0.485M
French	96	mk	0.48M
Cantonese	96	fi	0.48M
Japanese	96	ja	0.48M
Dutch	95	ro	0.475M
Polish	94	bg	0.47M
Portuguese	92	el	0.46M
Hungarian	91	es	0.455M
Norwegian	91	el	0.455M
Swedish	91	pt	0.455M
Dutch	91	bg	0.455M
Norwegian	90	ru	0.45M
Persian	90	pt_br	0.45M
Hebrew	89	es	0.445M
Icelandic	88	en	0.44M
Norwegian	88	bg	0.44M
Dutch	87	pl	0.435M
French	87	fa	0.435M
French	87	no	0.435M
Arabic	87	pt_br	0.435M
Mandarin	87	he	0.435M
Hindi	87	zh_cn	0.435M
Norwegian	86	da	0.43M
Greek	86	es	0.43M
Japanese	86	fa	0.43M
Serbo-Croatian	86	es	0.43M
Czech	85	sr	0.425M
Thai	85	pl	0.425M
Turkish	85	fr	0.425M
Korean	85	fi	0.425M
Russian	85	ar	0.425M
Polish	85	uk	0.425M
Thai	84	fr	0.42M
Polish	84	el	0.42M
Czech	84	ru	0.42M
Danish	83	ar	0.415M
Mandarin	83	bs	0.415M
Norwegian	82	nl	0.41M
Russian	82	nl	0.41M
Italian	82	sk	0.41M
Swedish	80	bs	0.4M
Turkish	80	ro	0.4M
Thai	80	bg	0.4M
Bengali	80	en	0.4M
Turkish	79	de	0.395M
German	79	da	0.395M
Cantonese	78	sl	0.39M
Cantonese	78	he	0.39M
Thai	77	hu	0.385M
Thai	77	ro	0.385M
Korean	77	bs	0.385M
Cantonese	77	bs	0.385M
Czech	77	fr	0.385M
Finnish	76	pt_br	0.38M
Hebrew	75	pt_br	0.375M
Italian	75	et	0.375M
Mandarin	75	vi	0.375M
Hebrew	75	fr	0.375M
Persian	75	tr	0.375M
Japanese	74	ze_zh	0.37M
Japanese	74	ze_en	0.37M
Russian	74	he	0.37M
Polish	74	hu	0.37M
Mandarin	74	sl	0.37M
Korean	74	sl	0.37M
Portuguese	74	bg	0.37M
French	73	vi	0.365M
Danish	73	he	0.365M
Japanese	73	da	0.365M
Spanish	72	et	0.36M
Japanese	72	ms	0.36M
Turkish	72	el	0.36M
Romanian	72	pt_br	0.36M
Portuguese	72	pl	0.36M
Romanian	71	es	0.355M
Persian	70	es	0.35M
Dutch	70	de	0.35M
Hungarian	70	pt_br	0.35M
Arabic	70	fr	0.35M
French	70	gl	0.35M
Dutch	70	el	0.35M
Dutch	69	ru	0.345M
Norwegian	69	hr	0.345M
Russian	69	sl	0.345M
Arabic	69	es	0.345M
Korean	68	ko	0.34M
Turkish	67	pt	0.335M
Japanese	66	vi	0.33M
Swedish	66	ar	0.33M
Thai	66	sr	0.33M
Russian	66	sv	0.33M
Thai	66	cs	0.33M
English	66	hi	0.33M
Greek	65	el	0.325M
Hindi	65	he	0.325M
Danish	65	sk	0.325M
Finnish	65	cs	0.325M
Turkish	65	ar	0.325M
Serbian	65	es	0.325M
Portuguese	64	de	0.32M
Spanish	64	da	0.32M
Hebrew	63	pt	0.315M
Serbian	63	bg	0.315M
Finnish	63	ro	0.315M
Czech	62	tr	0.31M
Finnish	62	sr	0.31M
Serbian	61	ro	0.305M
Cantonese	61	ru	0.305M
Thai	61	zh_cn	0.305M
Cantonese	61	et	0.305M
Hungarian	61	hu	0.305M
Italian	61	no	0.305M
Mandarin	60	sv	0.3M
Mandarin	60	et	0.3M
Chinese	60	en	0.3M
Danish	60	pt	0.3M
Italian	60	da	0.3M
German	60	zh_tw	0.3M
Portuguese	60	hu	0.3M
Dutch	60	hu	0.3M
Greek	59	pt_br	0.295M
Icelandic	59	pt_br	0.295M
French	59	eu	0.295M
Norwegian	59	fr	0.295M
Portuguese	59	ru	0.295M
None	59	en	0.295M
Romanian	58	fr	0.29M
Korean	58	fa	0.29M
Swedish	58	he	0.29M
Dutch	58	hr	0.29M
Arabic	58	tr	0.29M
Slovak	58	en	0.29M
French	57	ze_en	0.285M
Telugu	57	bg	0.285M
Hindi	57	ru	0.285M
Czech	57	ro	0.285M
French	57	ze_zh	0.285M
Romanian	57	sr	0.285M
Serbian	55	sl	0.275M
Cantonese	55	vi	0.275M
Russian	55	fi	0.275M
Finnish	55	tr	0.275M
Hindi	54	si	0.27M
Finnish	54	bg	0.27M
Persian	54	ar	0.27M
Catalan	54	en	0.27M
Estonian	54	en	0.27M
Russian	54	sk	0.27M
Norwegian	54	et	0.27M
Hebrew	54	sr	0.27M
Hebrew	53	ro	0.265M
Turkish	53	ru	0.265M
Telugu	53	pl	0.265M
Kannada	53	en	0.265M
Portuguese	52	fi	0.26M
Hindi	52	sl	0.26M
Greek	52	sr	0.26M
Indonesian	52	en	0.26M
Finnish	52	pl	0.26M
Dutch	51	pt	0.255M
Hebrew	51	tr	0.255M
Portuguese	51	cs	0.255M
Korean	50	vi	0.25M
Bulgarian	50	en	0.25M
German	50	no	0.25M
Filipino	50	pt_br	0.25M
Icelandic	49	es	0.245M
Turkish	49	nl	0.245M
Punjabi	49	en	0.245M
Telugu	49	hu	0.245M
Polish	49	de	0.245M
Icelandic	49	de	0.245M
Spanish	49	zh_tw	0.245M
Croatian	48	en	0.24M
Greek	48	tr	0.24M
Tamil	48	si	0.24M
Thai	48	de	0.24M
Serbo-Croatian	48	sl	0.24M
Thai	48	el	0.24M
Portuguese	48	hr	0.24M
Hindi	48	de	0.24M
Swedish	48	sk	0.24M
Korean	47	et	0.235M
Mandarin	47	fa	0.235M
Persian	47	el	0.235M
Hungarian	46	sr	0.23M
Czech	46	bg	0.23M
Italian	46	mk	0.23M
Portuguese	46	ar	0.23M
Finnish	45	et	0.225M
Hungarian	44	tr	0.22M
Korean	44	sv	0.22M
Persian	44	fr	0.22M
Finnish	44	ru	0.22M
Czech	44	de	0.22M
Turkish	44	bs	0.22M
Persian	44	sr	0.22M
Serbian	43	pt_br	0.215M
Hebrew	43	cs	0.215M
Hindi	43	sk	0.215M
Hindi	43	zh_tw	0.215M
Swedish	43	zh_cn	0.215M
Spanish	43	no	0.215M
Czech	43	hr	0.215M
Serbian	42	sr	0.21M
Spanish	42	fa	0.21M
Cantonese	42	sv	0.21M
Swedish	42	sl	0.21M
Thai	42	ar	0.21M
Thai	42	pt	0.21M
Norwegian	42	pt	0.21M
Czech	42	hu	0.21M
Romanian	42	hu	0.21M
Cantonese	42	sk	0.21M
Hungarian	41	ro	0.205M
Danish	41	bs	0.205M
Slovenian	41	en	0.205M
Hungarian	41	fr	0.205M
Russian	41	zh_tw	0.205M
Arabic	41	sr	0.205M
Polish	41	pt	0.205M
Portuguese	41	he	0.205M
Danish	41	et	0.205M
Thai	40	nl	0.2M
Hungarian	40	el	0.2M
Finnish	39	el	0.195M
Finnish	39	hu	0.195M
Turkish	39	pl	0.195M
Serbian	39	tr	0.195M
Filipino	39	es	0.195M
Serbian	38	cs	0.19M
Catalan	38	es	0.19M
Turkish	38	hr	0.19M
Greek	38	ro	0.19M
Romanian	38	tr	0.19M
Icelandic	38	hu	0.19M
Dutch	38	ar	0.19M
Norwegian	38	ar	0.19M
Norwegian	38	sl	0.19M
Arabic	38	ro	0.19M
Hindi	37	nl	0.185M
Telugu	37	es	0.185M
Hungarian	37	cs	0.185M
Czech	37	el	0.185M
Hebrew	37	pl	0.185M
Mandarin	37	sk	0.185M
Persian	37	ru	0.185M
Tamil	37	es	0.185M
Arabic	36	pl	0.18M
Hungarian	36	pl	0.18M
Icelandic	36	tr	0.18M
Mandarin	36	da	0.18M
Cantonese	36	ms	0.18M
Flemish	36	nl	0.18M
Japanese	36	lt	0.18M
Georgian	36	en	0.18M
Cantonese	35	da	0.175M
Finnish	35	fr	0.175M
Greek	35	fr	0.175M
Danish	35	sl	0.175M
Mandarin	35	ms	0.175M
Romanian	35	ro	0.175M
Icelandic	35	cs	0.175M
Italian	35	fa	0.175M
Persian	35	ro	0.175M
Slovenian	34	sl	0.17M
Portuguese	34	zh_cn	0.17M
Polish	34	ar	0.17M
Cantonese	34	ze_zh	0.17M
Tamil	34	bg	0.17M
Polish	34	hr	0.17M
Arabic	34	pt	0.17M
Cantonese	34	ze_en	0.17M
Flemish	34	en	0.17M
Norwegian	34	sk	0.17M
Finnish	33	sk	0.165M
Hungarian	33	ru	0.165M
None	33	es	0.165M
Thai	33	ms	0.165M
Turkish	33	hu	0.165M
Russian	33	mk	0.165M
Arabic	33	nl	0.165M
Finnish	32	hr	0.16M
Serbo-Croatian	32	sr	0.16M
Bengali	32	pt_br	0.16M
Tamil	32	pt_br	0.16M
Finnish	32	nl	0.16M
Spanish	32	ze_zh	0.16M
Serbo-Croatian	32	bg	0.16M
Arabic	32	bg	0.16M
Korean	32	ms	0.16M
Spanish	32	ze_en	0.16M
Arabic	31	ar	0.155M
Icelandic	31	fr	0.155M
Dutch	31	bs	0.155M
Telugu	31	pt_br	0.155M
Dutch	31	sl	0.155M
French	31	ja	0.155M
Japanese	30	uk	0.15M
Tamil	30	hu	0.15M
Hebrew	30	el	0.15M
Arabic	30	el	0.15M
Hebrew	30	hu	0.15M
German	30	gl	0.15M
Japanese	30	eu	0.15M
German	30	ze_en	0.15M
Serbo-Croatian	30	ro	0.15M
Polish	30	zh_cn	0.15M
German	30	ze_zh	0.15M
Greek	30	bg	0.15M
Bulgarian	30	bg	0.15M
Thai	30	hr	0.15M
Greek	29	cs	0.145M
None	29	cs	0.145M
Bengali	29	es	0.145M
Hungarian	29	bg	0.145M
Japanese	29	mk	0.145M
Portuguese	29	sv	0.145M
Persian	29	hu	0.145M
Arabic	29	ru	0.145M
Portuguese	29	bs	0.145M
Mandarin	29	sq	0.145M
Vietnamese	29	en	0.145M
None	29	pt_br	0.145M
Italian	29	zh_tw	0.145M
Malay	28	en	0.14M
Czech	28	zh_cn	0.14M
Russian	28	fa	0.14M
Persian	28	pl	0.14M
Ukrainian	28	en	0.14M
Telugu	28	si	0.14M
Serbian	28	pl	0.14M
Spanish	28	mk	0.14M
Serbian	28	el	0.14M
German	27	fa	0.135M
Icelandic	27	sr	0.135M
Icelandic	27	pl	0.135M
Greek	27	pl	0.135M
Swedish	27	zh_tw	0.135M
Catalan	27	pt_br	0.135M
Spanish	27	vi	0.135M
Arabic	27	cs	0.135M
Greek	27	hu	0.135M
Mandarin	27	th	0.135M
French	27	th	0.135M
Serbian	27	ru	0.135M
Swiss German	26	en	0.13M
Italian	26	sq	0.13M
None	26	pl	0.13M
Dutch	26	he	0.13M
Czech	26	pt	0.13M
Serbian	26	fr	0.13M
English	26	ta	0.13M
Dutch	26	fi	0.13M
None	26	tr	0.13M
Icelandic	26	ro	0.13M
French	26	ml	0.13M
Dutch	26	zh_cn	0.13M
Hebrew	26	de	0.13M
Japanese	25	no	0.125M
Persian	25	bg	0.125M
Norwegian	25	he	0.125M
French	25	sq	0.125M
Italian	25	vi	0.125M
Dutch	25	sv	0.125M
Urdu	25	en	0.125M
Norwegian	25	bs	0.125M
Serbo-Croatian	25	pt_br	0.125M
Arabic	25	hr	0.125M
Thai	24	fi	0.12M
Greek	24	ru	0.12M
Bulgarian	24	ru	0.12M
Hungarian	24	hr	0.12M
German	24	mk	0.12M
Icelandic	24	hr	0.12M
Hebrew	24	nl	0.12M
Icelandic	24	el	0.12M
Finnish	24	de	0.12M
Danish	24	zh_cn	0.12M
Serbo-Croatian	24	hu	0.12M
Polish	24	bs	0.12M
Norwegian	24	zh_cn	0.12M
Hindi	24	bn	0.12M
Flemish	23	el	0.115M
Romanian	23	ru	0.115M
Arabic	23	bs	0.115M
Korean	23	ml	0.115M
Chinese	23	pt_br	0.115M
Croatian	23	sl	0.115M
Min Nan	23	en	0.115M
Portuguese	23	sl	0.115M
Romanian	23	pl	0.115M
Bosnian	23	en	0.115M
Flemish	23	ro	0.115M
Korean	23	uk	0.115M
French	23	uk	0.115M
None	23	sr	0.115M
Flemish	23	sr	0.115M
Hindi	23	sq	0.115M
Turkish	23	cs	0.115M
Cantonese	23	fa	0.115M
Serbo-Croatian	22	ru	0.11M
Slovenian	22	sr	0.11M
Bulgarian	22	ro	0.11M
Romanian	22	el	0.11M
Telugu	22	ro	0.11M
Indonesian	22	pt_br	0.11M
Hindi	22	ze_en	0.11M
Slovak	22	es	0.11M
Arabic	22	he	0.11M
Lithuanian	22	en	0.11M
Filipino	22	tr	0.11M
Hindi	22	ze_zh	0.11M
Telugu	22	tr	0.11M
Greek	22	de	0.11M
Persian	22	pt	0.11M
Bulgarian	22	es	0.11M
French	22	lt	0.11M
Flemish	22	fr	0.11M
Czech	22	sl	0.11M
Brazilian Sign Language	22	en	0.11M
Marathi	21	en	0.105M
Serbo-Croatian	21	tr	0.105M
Flemish	21	pt_br	0.105M
Filipino	21	ro	0.105M
Hebrew	21	bs	0.105M
Tamil	21	ro	0.105M
Chinese	21	zh_cn	0.105M
Flemish	21	hr	0.105M
French	21	ko	0.105M
Thai	21	sl	0.105M
Serbian	21	hu	0.105M
Persian	21	hr	0.105M
Romanian	21	bg	0.105M
Polish	21	sk	0.105M
Czech	21	uk	0.105M
English	21	ur	0.105M
Hindi	21	fi	0.105M
Arabic	21	fi	0.105M
None	21	el	0.105M
Hebrew	21	hr	0.105M
Japanese	21	ko	0.105M
Finnish	20	zh_cn	0.1M
Thai	20	bs	0.1M
Slovak	20	sk	0.1M
Persian	20	cs	0.1M
Serbo-Croatian	20	cs	0.1M
Thai	20	zh_tw	0.1M
Persian	20	he	0.1M
Hindi	20	ml	0.1M
Russian	20	da	0.1M
Telugu	20	ar	0.1M
Polish	20	nl	0.1M
Finnish	20	ar	0.1M
English	20	te	0.1M
Flemish	20	es	0.1M
Chinese	20	es	0.1M
Thai	20	sv	0.1M
Dutch	19	sk	0.095M
Russian	19	eo	0.095M
Estonian	19	es	0.095M
Hebrew	19	ar	0.095M
Slovenian	19	hr	0.095M
Portuguese	19	sk	0.095M
Hungarian	19	zh_cn	0.095M
Thai	19	ru	0.095M
Icelandic	19	fi	0.095M
Arabic	19	de	0.095M
Finnish	19	da	0.095M
Bosnian	19	tr	0.095M
Tamil	19	tr	0.095M
Flemish	19	tr	0.095M
Thai	19	he	0.095M
Latin	19	cs	0.095M
Romanian	19	hr	0.095M
Tamil	19	pl	0.095M
Icelandic	19	ru	0.095M
Estonian	19	pt_br	0.095M
Spanish	19	sq	0.095M
Serbian	18	de	0.09M
Mandarin	18	ze_en	0.09M
Persian	18	bs	0.09M
Greek	18	ar	0.09M
Icelandic	18	ar	0.09M
Slovak	18	pt_br	0.09M
Hungarian	18	sk	0.09M
English	18	eo	0.09M
Filipino	18	bg	0.09M
Polish	18	sl	0.09M
Flemish	18	pt	0.09M
Finnish	18	pt	0.09M
Catalan	18	fr	0.09M
Icelandic	18	sv	0.09M
Finnish	18	sl	0.09M
Georgian	18	es	0.09M
None	18	ro	0.09M
Greek	18	pt	0.09M
Mandarin	18	ze_zh	0.09M
Welsh	18	en	0.09M
Serbian	18	bs	0.09M
Finnish	18	no	0.09M
Portuguese	17	lt	0.085M
Hungarian	17	pt	0.085M
Hindi	17	sv	0.085M
English	17	br	0.085M
Norwegian	17	mk	0.085M
Japanese	17	sq	0.085M
Filipino	17	sr	0.085M
Welsh	17	hr	0.085M
Russian	17	lt	0.085M
Vietnamese	17	pt_br	0.085M
Thai	17	vi	0.085M
None	17	hu	0.085M
Hungarian	17	ar	0.085M
Korean	17	da	0.085M
Romanian	17	cs	0.085M
Estonian	17	cs	0.085M
Polish	17	et	0.085M
Arabic	17	hu	0.085M
German	16	eu	0.08M
Czech	16	et	0.08M
Estonian	16	ru	0.08M
Catalan	16	nl	0.08M
Welsh	16	hu	0.08M
Serbian	16	mk	0.08M
Mandarin	16	mk	0.08M
Filipino	16	pl	0.08M
Welsh	16	nl	0.08M
Welsh	16	pl	0.08M
Georgian	16	pt_br	0.08M
Spanish	16	ml	0.08M
Swedish	16	fa	0.08M
German	16	af	0.08M
Kurdish	16	en	0.08M
Cantonese	16	sq	0.08M
Vietnamese	16	tr	0.08M
Bulgarian	16	el	0.08M
Telugu	16	el	0.08M
Czech	16	ar	0.08M
Hebrew	16	sl	0.08M
Hungarian	16	de	0.08M
Hebrew	16	sv	0.08M
Bulgarian	16	sr	0.08M
Bosnian	16	es	0.08M
Albanian	16	en	0.08M
Vietnamese	16	es	0.08M
Filipino	16	cs	0.08M
Korean	16	bn	0.08M
Urdu	15	pt_br	0.075M
Afrikaans	15	en	0.075M
Slovenian	15	es	0.075M
Icelandic	15	bg	0.075M
Persian	15	zh_cn	0.075M
Catalan	15	tr	0.075M
French	15	af	0.075M
Bulgarian	15	tr	0.075M
Tamil	15	ms	0.075M
Georgian	15	tr	0.075M
Catalan	15	sr	0.075M
Italian	15	ca	0.075M
Bosnian	15	pt_br	0.075M
Georgian	15	el	0.075M
None	15	pt	0.075M
Georgian	15	fr	0.075M
Persian	15	nl	0.075M
Russian	15	eu	0.075M
Thai	15	et	0.075M
Serbo-Croatian	15	pl	0.075M
Dutch	15	et	0.075M
Korean	15	gl	0.075M
Serbo-Croatian	15	hr	0.075M
Serbian	15	hr	0.075M
Swedish	15	ca	0.075M
Romanian	15	bs	0.075M
Georgian	14	sr	0.07M
Macedonian	14	en	0.07M
Turkish	14	fa	0.07M
Hungarian	14	nl	0.07M
Czech	14	bs	0.07M
Icelandic	14	nl	0.07M
Catalan	14	ro	0.07M
Welsh	14	es	0.07M
Flemish	14	fi	0.07M
Georgian	14	ru	0.07M
Icelandic	14	pt	0.07M
None	14	fr	0.07M
Vietnamese	14	fr	0.07M
Slovak	14	fr	0.07M
Swiss German	14	de	0.07M
Welsh	14	el	0.07M
Persian	14	ml	0.07M
Chinese	14	ro	0.07M
Bosnian	14	bg	0.07M
Indonesian	14	hu	0.07M
Estonian	14	tr	0.07M
Icelandic	14	he	0.07M
Indonesian	14	es	0.07M
Croatian	14	es	0.07M
Estonian	13	et	0.065M
Indonesian	13	pl	0.065M
Ukrainian	13	pl	0.065M
Hindi	13	et	0.065M
Finnish	13	bs	0.065M
Korean	13	no	0.065M
Italian	13	ze_zh	0.065M
Tamil	13	bn	0.065M
Italian	13	ze_en	0.065M
Indonesian	13	ro	0.065M
Croatian	13	hr	0.065M
Welsh	13	tr	0.065M
Filipino	13	fr	0.065M
Romanian	13	de	0.065M
Polish	13	sv	0.065M
Latin	13	es	0.065M
Hebrew	13	fi	0.065M
Bulgarian	13	pt_br	0.065M
Welsh	13	pt_br	0.065M
Hindi	13	da	0.065M
Chinese	13	tr	0.065M
Hungarian	13	he	0.065M
German	13	vi	0.065M
Polish	13	he	0.065M
Greek	13	he	0.065M
Mandarin	13	no	0.065M
Vietnamese	13	ro	0.065M
Indonesian	13	cs	0.065M
Latin	13	sr	0.065M
Vietnamese	13	sr	0.065M
French	13	ca	0.065M
Russian	13	vi	0.065M
Icelandic	13	no	0.065M
Swedish	13	eu	0.065M
Serbian	13	ar	0.065M
Catalan	13	bg	0.065M
Chinese	13	bg	0.065M
Arabic	13	sk	0.065M
Thai	13	sk	0.065M
Hebrew	13	sk	0.065M
Russian	13	ja	0.065M
French	13	eo	0.065M
Arabic	13	sl	0.065M
Serbian	13	nl	0.065M
Flemish	13	bg	0.065M
None	13	bg	0.065M
Norwegian	13	zh_tw	0.065M
Bengali	12	ro	0.06M
Indonesian	12	tr	0.06M
Serbian	12	sk	0.06M
Finnish	12	zh_tw	0.06M
Catalan	12	pl	0.06M
Norwegian	12	uk	0.06M
Turkish	12	he	0.06M
Welsh	12	ro	0.06M
Catalan	12	cs	0.06M
Indonesian	12	sr	0.06M
Welsh	12	sr	0.06M
German	12	ca	0.06M
German	12	ja	0.06M
Italian	12	eu	0.06M
Catalan	12	pt	0.06M
Tagalog	12	en	0.06M
French	12	ms	0.06M
Latin	12	en	0.06M
Kazakh	12	en	0.06M
Bosnian	12	ro	0.06M
Ukrainian	12	ro	0.06M
Romanian	12	pt	0.06M
None	12	hr	0.06M
Spanish	12	lt	0.06M
Tamil	12	el	0.06M
Cantonese	12	mk	0.06M
Hebrew	12	et	0.06M
Italian	12	gl	0.06M
Estonian	12	fi	0.06M
Filipino	12	ru	0.06M
Swedish	12	mk	0.06M
Polish	12	fi	0.06M
Cantonese	12	no	0.06M
Ukrainian	12	es	0.06M
Korean	12	sq	0.06M
Slovak	12	ru	0.06M
Ukrainian	12	ru	0.06M
Serbian	12	pt	0.06M
Welsh	12	pt	0.06M
Korean	12	mk	0.06M
Punjabi	11	es	0.055M
Georgian	11	ro	0.055M
Filipino	11	pt	0.055M
Arabic	11	sv	0.055M
German	11	uk	0.055M
Bosnian	11	sl	0.055M
Croatian	11	pt_br	0.055M
Chinese	11	el	0.055M
Slovak	11	cs	0.055M
Bulgarian	11	hr	0.055M
Portuguese	11	da	0.055M
Latin	11	pt_br	0.055M
Kurdish	11	pt_br	0.055M
German	11	ml	0.055M
Flemish	11	cs	0.055M
Vietnamese	11	cs	0.055M
Malayalam	11	pt_br	0.055M
Danish	11	fa	0.055M
Thai	11	fa	0.055M
Estonian	11	sr	0.055M
Telugu	11	sr	0.055M
Punjabi	11	pt_br	0.055M
German	11	lt	0.055M
Kurdish	11	tr	0.055M
Dutch	11	zh_tw	0.055M
Greek	11	bs	0.055M
Filipino	11	hu	0.055M
Hebrew	11	zh_cn	0.055M
Russian	11	no	0.055M
Mandarin	11	ja	0.055M
Mongolian	11	en	0.055M
Korean	11	ze_en	0.055M
Korean	11	ze_zh	0.055M
German	11	sq	0.055M
Vietnamese	11	bg	0.055M
Serbo-Croatian	11	bs	0.055M
Portuguese	10	no	0.05M
Basque	10	es	0.05M
Arabic	10	da	0.05M
Bengali	10	ru	0.05M
Portuguese	10	zh_tw	0.05M
Min Nan	10	zh_tw	0.05M
Czech	10	nl	0.05M
Brazilian Sign Language	10	nl	0.05M
Turkish	10	zh_cn	0.05M
Serbian	10	sv	0.05M
Greek	10	hr	0.05M
Bulgarian	10	cs	0.05M
Spanish	10	th	0.05M
Spanish	10	ko	0.05M
Serbo-Croatian	10	fr	0.05M
Bulgarian	10	fr	0.05M
Bengali	10	fr	0.05M
Icelandic	10	sk	0.05M
Turkish	10	mk	0.05M
Telugu	10	bn	0.05M
Malayalam	10	bn	0.05M
Croatian	10	tr	0.05M
Min Nan	10	tr	0.05M
Slovenian	10	tr	0.05M
Persian	10	de	0.05M
Danish	10	zh_tw	0.05M
Italian	10	ml	0.05M
Flemish	10	pl	0.05M
Urdu	10	ro	0.05M
Tamil	10	ar	0.05M
Welsh	10	bg	0.05M
Romanian	10	ar	0.05M
Hindi	10	vi	0.05M
Chinese	10	pl	0.05M
Bengali	10	pl	0.05M
Thai	10	sq	0.05M
Vietnamese	10	pl	0.05M
Korean	10	eu	0.05M
Catalan	10	hu	0.05M
Slovak	10	hu	0.05M
Bengali	10	tr	0.05M
Japanese	10	ml	0.05M
Min Nan	10	zh_cn	0.05M
Macedonian	10	sr	0.05M
None	10	ru	0.05M
Greek	10	zh_cn	0.05M
Turkish	10	sl	0.05M
Portuguese	10	gl	0.05M
Bosnian	10	el	0.05M
Persian	9	sk	0.045M
Swiss German	9	pt_br	0.045M
Mongolian	9	pt_br	0.045M
Welsh	9	ar	0.045M
Albanian	9	pt_br	0.045M
Estonian	9	hu	0.045M
Portuguese	9	et	0.045M
Russian	9	gl	0.045M
Hindi	9	th	0.045M
Vietnamese	9	hu	0.045M
Urdu	9	tr	0.045M
Cantonese	9	th	0.045M
Swiss German	9	es	0.045M
Hindi	9	mk	0.045M
Latin	9	pl	0.045M
Georgian	9	de	0.045M
Slovak	9	de	0.045M
Aboriginal	9	en	0.045M
Portuguese	9	ja	0.045M
Arabic	9	zh_cn	0.045M
Croatian	9	ro	0.045M
Urdu	9	pl	0.045M
Swiss German	9	sr	0.045M
Welsh	9	sl	0.045M
Hungarian	9	sl	0.045M
None	9	sl	0.045M
Mandarin	9	eu	0.045M
Bengali	9	pt	0.045M
Punjabi	9	bg	0.045M
Tamil	9	sr	0.045M
Vietnamese	9	de	0.045M
Slovak	9	sr	0.045M
Kurdish	9	es	0.045M
None	9	nl	0.045M
Bosnian	9	fr	0.045M
Welsh	9	fr	0.045M
Aboriginal	9	fr	0.045M
Croatian	9	bg	0.045M
Polish	9	zh_tw	0.045M
Chinese	9	cs	0.045M
Vietnamese	9	nl	0.045M
Urdu	9	es	0.045M
Mongolian	9	es	0.045M
Bulgarian	9	pl	0.045M
Polish	9	fa	0.045M
None	9	ar	0.045M
Chinese	8	hu	0.04M
Flemish	8	de	0.04M
Italian	8	th	0.04M
Aboriginal	8	pt_br	0.04M
English	8	af	0.04M
Swiss German	8	bg	0.04M
Chinese	8	de	0.04M
Swiss German	8	fr	0.04M
Portuguese	8	ze_zh	0.04M
Georgian	8	hu	0.04M
None	8	bs	0.04M
Bosnian	8	cs	0.04M
Telugu	8	cs	0.04M
Chinese	8	zh_tw	0.04M
Hebrew	8	zh_tw	0.04M
Portuguese	8	ze_en	0.04M
Japanese	8	ca	0.04M
Danish	8	ca	0.04M
Georgian	8	pl	0.04M
Hungarian	8	bs	0.04M
Wolof	8	pt_br	0.04M
Italian	8	ja	0.04M
Spanish	8	uk	0.04M
Turkish	8	uk	0.04M
Danish	8	vi	0.04M
Georgian	8	zh_cn	0.04M
Slovak	8	zh_cn	0.04M
Serbian	8	zh_cn	0.04M
Chinese	8	hr	0.04M
None	8	he	0.04M
Serbian	8	he	0.04M
Finnish	8	he	0.04M
Filipino	8	nl	0.04M
Macedonian	8	pt_br	0.04M
Bosnian	8	hu	0.04M
Flemish	8	hu	0.04M
Latin	8	hu	0.04M
Dutch	8	da	0.04M
Flemish	8	ar	0.04M
Polish	8	ml	0.04M
Chinese	8	ar	0.04M
Macedonian	8	bg	0.04M
Filipino	8	ar	0.04M
Estonian	8	bg	0.04M
Latin	8	bg	0.04M
Mandarin	8	ko	0.04M
Indonesian	8	hr	0.04M
Mongolian	8	tr	0.04M
Albanian	8	tr	0.04M
Romanian	8	nl	0.04M
Georgian	8	bg	0.04M
Slovenian	8	pt_br	0.04M
Vietnamese	8	pt	0.04M
Catalan	8	ru	0.04M
Bambara	8	en	0.04M
Bengali	8	sr	0.04M
Albanian	8	sr	0.04M
Latvian	8	en	0.04M
Chinese	8	sr	0.04M
Hungarian	8	et	0.04M
Hungarian	8	sv	0.04M
Sign Languages	8	en	0.04M
Hungarian	8	fi	0.04M
Turkish	8	fi	0.04M
Latin	8	ro	0.04M
Persian	8	fi	0.04M
Serbian	8	fi	0.04M
Greek	8	fi	0.04M
Indonesian	8	el	0.04M
Catalan	8	el	0.04M
Serbo-Croatian	8	el	0.04M
Filipino	8	el	0.04M
Tamil	8	pt	0.04M
Dari	8	en	0.04M
Greek	7	da	0.035M
Welsh	7	he	0.035M
Welsh	7	cs	0.035M
Croatian	7	cs	0.035M
Bosnian	7	ar	0.035M
Mandarin	7	lt	0.035M
Aboriginal	7	nl	0.035M
Greek	7	nl	0.035M
Romanian	7	he	0.035M
Latin	7	ru	0.035M
Tamil	7	ru	0.035M
Estonian	7	pl	0.035M
Thai	7	da	0.035M
Romanian	7	zh_cn	0.035M
Ukrainian	7	sr	0.035M
Lithuanian	7	pt_br	0.035M
Bengali	7	el	0.035M
Icelandic	7	da	0.035M
None	7	da	0.035M
Indonesian	7	fi	0.035M
Kazakh	7	tr	0.035M
Turkish	7	sk	0.035M
Swiss German	7	tr	0.035M
Malay	7	pt_br	0.035M
Tagalog	7	pt_br	0.035M
Urdu	7	sr	0.035M
Ukrainian	7	tr	0.035M
Malay	7	tr	0.035M
Serbo-Croatian	7	zh_cn	0.035M
Bosnian	7	pl	0.035M
None	7	zh_cn	0.035M
Icelandic	7	sl	0.035M
Russian	7	ze_zh	0.035M
Persian	7	zh_tw	0.035M
Japanese	7	lv	0.035M
Latin	7	el	0.035M
Arabic	7	no	0.035M
Icelandic	7	et	0.035M
Mongolian	7	fr	0.035M
Norwegian	7	sq	0.035M
Min Nan	7	es	0.035M
Latin	7	de	0.035M
Macedonian	7	es	0.035M
Turkish	7	et	0.035M
Russian	7	ze_en	0.035M
Serbian	7	et	0.035M
Kazakh	7	es	0.035M
Macedonian	7	hr	0.035M
Filipino	7	hr	0.035M
Wolof	7	en	0.035M
Nepali	7	en	0.035M
Slovenian	7	bs	0.035M
Indonesian	7	pt	0.035M
Spanish	7	eu	0.035M
Lithuanian	7	es	0.035M
Chinese	7	pt	0.035M
Estonian	7	fr	0.035M
Kurdish	7	ro	0.035M
Persian	7	sv	0.035M
Greek	7	sv	0.035M
Armenian	7	ro	0.035M
Tagalog	7	es	0.035M
Estonian	7	ro	0.035M
Thai	7	mk	0.035M
Aboriginal	7	es	0.035M
Kazakh	7	fr	0.035M
Flemish	6	zh_cn	0.03M
Aboriginal	6	tr	0.03M
Lithuanian	6	tr	0.03M
Filipino	6	bs	0.03M
Mandarin	6	bn	0.03M
Estonian	6	el	0.03M
Spanish	6	eo	0.03M
Zulu	6	en	0.03M
Indonesian	6	zh_cn	0.03M
Kirghiz	6	en	0.03M
Hokkien	6	en	0.03M
Swedish	6	ze_en	0.03M
French	6	ka	0.03M
Japanese	6	eo	0.03M
Turkish	6	bn	0.03M
Urdu	6	bg	0.03M
Tamil	6	zh_cn	0.03M
Greek	6	fa	0.03M
Armenian	6	sr	0.03M
Korean	6	si	0.03M
Flemish	6	sl	0.03M
Macedonian	6	pl	0.03M
Slovak	6	pl	0.03M
Croatian	6	pl	0.03M
Punjabi	6	pl	0.03M
Dutch	6	fa	0.03M
Mongolian	6	ro	0.03M
Vietnamese	6	el	0.03M
Swiss German	6	ro	0.03M
Latin	6	nl	0.03M
Lithuanian	6	ro	0.03M
Welsh	6	ru	0.03M
Kurdish	6	ru	0.03M
Swiss German	6	ru	0.03M
Flemish	6	ru	0.03M
Dutch	6	sq	0.03M
Malayalam	6	ro	0.03M
Aboriginal	6	cs	0.03M
Persian	6	sl	0.03M
Czech	6	he	0.03M
Russian	6	uk	0.03M
Bulgarian	6	hu	0.03M
Aboriginal	6	sr	0.03M
Tagalog	6	sr	0.03M
Croatian	6	sr	0.03M
Kurdish	6	sr	0.03M
Persian	6	fa	0.03M
Mongolian	6	cs	0.03M
Georgian	6	cs	0.03M
Telugu	6	hr	0.03M
Indonesian	6	nl	0.03M
Swedish	6	ze_zh	0.03M
Croatian	6	el	0.03M
Dutch	6	th	0.03M
Tibetan	6	pt_br	0.03M
Kazakh	6	pt_br	0.03M
Ukrainian	6	pt_br	0.03M
Swedish	6	th	0.03M
Latin	6	fr	0.03M
Chinese	6	fr	0.03M
Dari	6	pt_br	0.03M
Sign Languages	6	es	0.03M
German	6	ko	0.03M
Arabic	6	zh_tw	0.03M
Malayalam	6	es	0.03M
Serbian	6	da	0.03M
Hebrew	6	da	0.03M
Albanian	6	es	0.03M
Latin	6	pt	0.03M
Marathi	6	pt	0.03M
Hungarian	6	da	0.03M
Afrikaans	6	pt_br	0.03M
Dari	6	es	0.03M
Korean	6	lt	0.03M
Serbo-Croatian	6	ar	0.03M
Dutch	6	af	0.03M
Catalan	6	sv	0.03M
None	6	fi	0.03M
Swedish	6	ml	0.03M
Welsh	6	fi	0.03M
Czech	6	fi	0.03M
Japanese	6	gl	0.03M
Estonian	5	pt	0.025M
Icelandic	5	bs	0.025M
Turkish	5	ml	0.025M
Telugu	5	bs	0.025M
Italian	5	eo	0.025M
Polish	5	no	0.025M
Croatian	5	fr	0.025M
Aboriginal	5	hu	0.025M
Mongolian	5	hu	0.025M
Tibetan	5	fr	0.025M
Croatian	5	hu	0.025M
Portuguese	5	vi	0.025M
Tamil	5	fr	0.025M
Aboriginal	5	ro	0.025M
Italian	5	uk	0.025M
Gallegan	5	es	0.025M
Tibetan	5	ro	0.025M
Slovenian	5	ro	0.025M
Armenian	5	es	0.025M
Urdu	5	fr	0.025M
Serbian	5	no	0.025M
Tibetan	5	es	0.025M
Wolof	5	es	0.025M
Afrikaans	5	es	0.025M
Afrikaans	5	fr	0.025M
Bosnian	5	pt	0.025M
Kurdish	5	fr	0.025M
Indonesian	5	fr	0.025M
Bambara	5	fr	0.025M
Serbo-Croatian	5	pt	0.025M
Latin	5	hr	0.025M
Arabic	5	et	0.025M
Aboriginal	5	bg	0.025M
Sinhalese	5	en	0.025M
Burmese	5	en	0.025M
Basque	5	en	0.025M
More	5	en	0.025M
Macedonian	5	mk	0.025M
Dutch	5	ze_en	0.025M
Malayalam	5	bg	0.025M
Indonesian	5	bg	0.025M
Serbo-Croatian	5	de	0.025M
Armenian	5	bg	0.025M
Tibetan	5	bg	0.025M
Turkish	5	sv	0.025M
American Sign Language	5	en	0.025M
Armenian	5	en	0.025M
Tibetan	5	en	0.025M
Dutch	5	ze_zh	0.025M
Hungarian	5	zh_tw	0.025M
Estonian	5	de	0.025M
None	5	et	0.025M
Indonesian	5	de	0.025M
Lithuanian	5	et	0.025M
Kurdish	5	pt	0.025M
Catalan	5	hr	0.025M
Vietnamese	5	hr	0.025M
Tibetan	5	pl	0.025M
Norwegian	5	eu	0.025M
None	5	de	0.025M
Catalan	5	de	0.025M
Welsh	5	de	0.025M
Min Nan	5	de	0.025M
Bosnian	5	bs	0.025M
Indonesian	5	bs	0.025M
Bulgarian	5	bs	0.025M
Chinese	5	bs	0.025M
Macedonian	5	bs	0.025M
Aboriginal	5	bs	0.025M
Malayalam	5	pl	0.025M
Russian	5	ml	0.025M
Indonesian	5	he	0.025M
Czech	5	zh_tw	0.025M
Armenian	5	pt_br	0.025M
Min Nan	5	pt_br	0.025M
Bambara	5	pt_br	0.025M
Swiss German	5	cs	0.025M
Hindi	5	ko	0.025M
Kazakh	5	sr	0.025M
Georgian	5	he	0.025M
Norwegian	5	ja	0.025M
Serbo-Croatian	5	he	0.025M
Filipino	5	he	0.025M
Bosnian	5	he	0.025M
Flemish	5	he	0.025M
Swiss German	5	sl	0.025M
Urdu	5	ar	0.025M
Sign Languages	5	pt_br	0.025M
More	5	pt_br	0.025M
Macedonian	5	tr	0.025M
Dari	5	tr	0.025M
Latin	5	tr	0.025M
Serbo-Croatian	5	sk	0.025M
Catalan	5	fi	0.025M
Ukrainian	5	zh_cn	0.025M
Vietnamese	5	zh_cn	0.025M
French	5	si	0.025M
Persian	5	gl	0.025M
Kurdish	5	el	0.025M
Albanian	5	el	0.025M
Armenian	5	el	0.025M
Aboriginal	5	el	0.025M
Macedonian	5	el	0.025M
Swiss German	5	el	0.025M
Hungarian	5	ja	0.025M
Tamil	5	cs	0.025M
Catalan	5	ar	0.025M
Arabic	5	ml	0.025M
Telugu	5	ru	0.025M
Serbo-Croatian	5	nl	0.025M
Norwegian	5	ca	0.025M
Georgian	5	nl	0.025M
Hungarian	5	fa	0.025M
Arabic	5	fa	0.025M
Indonesian	5	ar	0.025M
Yiddish	5	ru	0.025M
Bengali	5	ml	0.025M
Aboriginal	5	pl	0.025M
Lithuanian	5	pl	0.025M
Telugu	5	fa	0.025M
Turkish	5	ca	0.025M
Indonesian	5	ru	0.025M
Bengali	5	ar	0.025M
English	5	hy	0.025M
Hungarian	5	ml	0.025M
Bosnian	4	nl	0.02M
Greek	4	zh_tw	0.02M
Serbian	4	zh_tw	0.02M
Romany	4	es	0.02M
American Sign Language	4	es	0.02M
German	4	eo	0.02M
Croatian	4	ru	0.02M
Kurdish	4	nl	0.02M
Chinese	4	nl	0.02M
Bosnian	4	mk	0.02M
Telugu	4	zh_cn	0.02M
Kannada	4	ml	0.02M
Mandarin	4	si	0.02M
Bambara	4	es	0.02M
Min Nan	4	bg	0.02M
More	4	es	0.02M
Lithuanian	4	bg	0.02M
Ukrainian	4	bg	0.02M
Slovenian	4	bg	0.02M
Amharic	4	en	0.02M
Lao	4	en	0.02M
Persian	4	ze_zh	0.02M
Mandarin	4	ka	0.02M
Russian	4	ko	0.02M
Kazakh	4	hu	0.02M
Latin	4	et	0.02M
Min Nan	4	hu	0.02M
Urdu	4	hu	0.02M
Vietnamese	4	ru	0.02M
Chinese	4	ru	0.02M
Tibetan	4	hu	0.02M
Swiss German	4	hu	0.02M
Bengali	4	hu	0.02M
Malayalam	4	ar	0.02M
Vietnamese	4	ar	0.02M
Aboriginal	4	ar	0.02M
Estonian	4	ar	0.02M
Catalan	4	sk	0.02M
Korean	4	ja	0.02M
Flemish	4	et	0.02M
Saami	4	ru	0.02M
Swedish	4	ko	0.02M
Romanian	4	sl	0.02M
Lithuanian	4	ru	0.02M
Mongolian	4	ru	0.02M
Greek	4	et	0.02M
Aboriginal	4	et	0.02M
Welsh	4	et	0.02M
Arabic	4	sq	0.02M
Russian	4	sq	0.02M
Swedish	4	sq	0.02M
Greek	4	sk	0.02M
Russian	4	ms	0.02M
Indonesian	4	ms	0.02M
Kurdish	4	ar	0.02M
Mongolian	4	sk	0.02M
Tibetan	4	sl	0.02M
Welsh	4	bs	0.02M
Khmer	4	en	0.02M
Min Nan	4	sr	0.02M
Bosnian	4	sr	0.02M
Sign Languages	4	cs	0.02M
Slovenian	4	cs	0.02M
Min Nan	4	cs	0.02M
Ukrainian	4	cs	0.02M
Macedonian	4	cs	0.02M
Tibetan	4	cs	0.02M
Vietnamese	4	he	0.02M
Gallegan	4	en	0.02M
Aboriginal	4	he	0.02M
Portuguese	4	fa	0.02M
Czech	4	fa	0.02M
Finnish	4	fa	0.02M
Norwegian	4	fa	0.02M
Chinese	4	fa	0.02M
Afrikaans	4	tr	0.02M
Armenian	4	tr	0.02M
Kirghiz	4	tr	0.02M
Malayalam	4	tr	0.02M
Tibetan	4	tr	0.02M
Russian	4	ca	0.02M
Min Nan	4	pl	0.02M
Afrikaans	4	pl	0.02M
Swiss German	4	pl	0.02M
Malay	4	pl	0.02M
Kurdish	4	pl	0.02M
Marathi	4	pl	0.02M
Albanian	4	pl	0.02M
Mongolian	4	pl	0.02M
Malayalam	4	sr	0.02M
Mongolian	4	sr	0.02M
Telugu	4	hi	0.02M
Afrikaans	4	sr	0.02M
Czech	4	sv	0.02M
None	4	sv	0.02M
Lithuanian	4	de	0.02M
Filipino	4	de	0.02M
Kurdish	4	de	0.02M
Bosnian	4	de	0.02M
Tibetan	4	pt	0.02M
Urdu	4	pt	0.02M
Punjabi	4	pt	0.02M
Georgian	4	pt	0.02M
Wolof	4	fr	0.02M
Lithuanian	4	fr	0.02M
Malayalam	4	fr	0.02M
Dari	4	fr	0.02M
Ukrainian	4	fr	0.02M
Czech	4	da	0.02M
Chinese	4	da	0.02M
Indonesian	4	da	0.02M
Brazilian Sign Language	4	pt_br	0.02M
Latvian	4	pt_br	0.02M
Marathi	4	pt_br	0.02M
Latin	4	fi	0.02M
Czech	4	gl	0.02M
Tibetan	4	el	0.02M
Lithuanian	4	el	0.02M
Punjabi	4	el	0.02M
Mongolian	4	el	0.02M
Punjabi	4	sr	0.02M
Tibetan	4	sr	0.02M
Hindi	4	hi	0.02M
Chinese	4	he	0.02M
Albanian	4	ro	0.02M
Punjabi	4	ro	0.02M
Tibetan	4	hr	0.02M
Tamil	4	hr	0.02M
Vietnamese	4	bs	0.02M
Malayalam	4	hr	0.02M
Turkish	4	eu	0.02M
Inuktitut	4	en	0.02M
Basque	4	ro	0.02M
Danish	4	eu	0.02M
Kazakh	4	ro	0.02M
Spanish	4	bn	0.02M
Japanese	4	bn	0.02M
Malay	4	ro	0.02M
Indonesian	4	vi	0.02M
Arabic	4	vi	0.02M
Hindi	4	eu	0.02M
Aboriginal	4	hr	0.02M
Latin	4	bs	0.02M
Saami	4	en	0.02M
French	4	bn	0.02M
Persian	4	ze_en	0.02M
Thai	3	ml	0.015M
Zulu	3	pt_br	0.015M
Burmese	3	pt_br	0.015M
Xhosa	3	sv	0.015M
Finnish	3	ml	0.015M
Hungarian	3	ze_en	0.015M
Greek	3	ze_en	0.015M
Japanese	3	tl	0.015M
Russian	3	th	0.015M
Arabic	3	th	0.015M
American Sign Language	3	sr	0.015M
Thai	3	th	0.015M
Cantonese	3	ml	0.015M
Indonesian	3	sv	0.015M
Georgian	3	sk	0.015M
Saami	3	sr	0.015M
Romany	3	sr	0.015M
Lithuanian	3	sr	0.015M
None	3	th	0.015M
German	3	th	0.015M
Bosnian	3	sk	0.015M
Romanian	3	sk	0.015M
Mandarin	3	ml	0.015M
Macedonian	3	sl	0.015M
Afrikaans	3	pt	0.015M
Romany	3	pt	0.015M
Hungarian	3	ze_zh	0.015M
Flemish	3	sv	0.015M
Vietnamese	3	zh_tw	0.015M
Indonesian	3	zh_tw	0.015M
Flemish	3	zh_tw	0.015M
Romanian	3	zh_tw	0.015M
Bosnian	3	sv	0.015M
Estonian	3	sv	0.015M
Punjabi	3	sv	0.015M
Latin	3	sv	0.015M
Romanian	3	sv	0.015M
Chinese	3	sv	0.015M
Serbo-Croatian	3	sv	0.015M
Vietnamese	3	sv	0.015M
Turkish	3	ze_zh	0.015M
Greek	3	ze_zh	0.015M
Arabic	3	ze_zh	0.015M
Serbo-Croatian	3	mk	0.015M
Zulu	3	pt	0.015M
Portuguese	3	ms	0.015M
Kannada	3	pt	0.015M
Dari	3	pt	0.015M
Arabic	3	ze_en	0.015M
Hebrew	3	ze_en	0.015M
Telugu	3	pt	0.015M
Xhosa	3	pt	0.015M
Filipino	3	mk	0.015M
Slovenian	3	pt	0.015M
Norwegian	3	ze_en	0.015M
Danish	3	ze_en	0.015M
Danish	3	ze_zh	0.015M
Norwegian	3	ze_zh	0.015M
Hebrew	3	ze_zh	0.015M
Maya	3	pt_br	0.015M
Amharic	3	pt_br	0.015M
Chinese	3	ms	0.015M
Kurdish	3	no	0.015M
Dutch	3	no	0.015M
Hebrew	3	no	0.015M
Danish	3	uk	0.015M
Kannada	3	tr	0.015M
Saami	3	tr	0.015M
Inuktitut	3	tr	0.015M
Tagalog	3	tr	0.015M
Maya	3	tr	0.015M
Wolof	3	tr	0.015M
Romany	3	tr	0.015M
Dari	3	pl	0.015M
Tagalog	3	pl	0.015M
Romany	3	pl	0.015M
Slovenian	3	pl	0.015M
Zulu	3	pl	0.015M
Xhosa	3	pl	0.015M
Klingon	3	tr	0.015M
Latin	3	sl	0.015M
Georgian	3	sl	0.015M
Estonian	3	sl	0.015M
Indonesian	3	sl	0.015M
Mongolian	3	nl	0.015M
Tagalog	3	nl	0.015M
American Sign Language	3	nl	0.015M
Swiss German	3	nl	0.015M
Punjabi	3	nl	0.015M
Romany	3	nl	0.015M
Vietnamese	3	sl	0.015M
Aboriginal	3	sl	0.015M
Hungarian	3	no	0.015M
Slovenian	3	ru	0.015M
Arabic	3	ms	0.015M
Tibetan	3	ru	0.015M
Spanish	3	ms	0.015M
Saami	3	pt_br	0.015M
American Sign Language	3	pt_br	0.015M
Basque	3	pt_br	0.015M
Xhosa	3	pt_br	0.015M
Romany	3	pt_br	0.015M
Greek	3	sl	0.015M
Turkish	3	ze_en	0.015M
Portuguese	3	sq	0.015M
Basque	3	sr	0.015M
Maya	3	sr	0.015M
Portuguese	3	mk	0.015M
Latin	3	sk	0.015M
Czech	3	sk	0.015M
Latin	3	zh_cn	0.015M
Estonian	3	zh_cn	0.015M
Icelandic	3	zh_cn	0.015M
Inuktitut	3	sr	0.015M
Kannada	3	ro	0.015M
Saami	3	ro	0.015M
Romany	3	ro	0.015M
Zulu	3	ro	0.015M
Tagalog	3	ro	0.015M
Min Nan	3	ro	0.015M
Greek	3	vi	0.015M
Polish	3	vi	0.015M
Albanian	3	ru	0.015M
Malayalam	3	ru	0.015M
Macedonian	3	ru	0.015M
Polish	3	mk	0.015M
Danish	3	ko	0.015M
Arabic	3	mk	0.015M
Catalan	3	eu	0.015M
Portuguese	3	eu	0.015M
None	3	eu	0.015M
Kurdish	3	hu	0.015M
Saami	3	hu	0.015M
Afrikaans	3	hu	0.015M
Norwegian	3	ko	0.015M
Catalan	3	he	0.015M
American Sign Language	3	he	0.015M
Kurdish	3	he	0.015M
Mongolian	3	he	0.015M
Estonian	3	he	0.015M
Armenian	3	he	0.015M
Zulu	3	hu	0.015M
Turkish	3	ka	0.015M
Sicilian	3	es	0.015M
Hungarian	3	eu	0.015M
Swiss German	3	bs	0.015M
Finnish	3	lt	0.015M
Tagalog	3	bs	0.015M
Zulu	3	el	0.015M
Dari	3	el	0.015M
Kurdish	3	fa	0.015M
Romanian	3	fa	0.015M
Arabic	3	gl	0.015M
Mandarin	3	gl	0.015M
Finnish	3	gl	0.015M
None	3	gl	0.015M
Hebrew	3	fa	0.015M
Indonesian	3	fa	0.015M
Vietnamese	3	fa	0.015M
Dari	3	hu	0.015M
Cantonese	3	eu	0.015M
Bosnian	3	eu	0.015M
Polish	3	eu	0.015M
Spanish	3	ja	0.015M
Arabic	3	ja	0.015M
Cantonese	3	ja	0.015M
Danish	3	ja	0.015M
Punjabi	3	de	0.015M
Bambara	3	de	0.015M
Aboriginal	3	de	0.015M
Saami	3	de	0.015M
Tibetan	3	de	0.015M
Slovenian	3	de	0.015M
Zulu	3	es	0.015M
Malay	3	es	0.015M
Hokkien	3	es	0.015M
Inuktitut	3	es	0.015M
Aboriginal	3	da	0.015M
Dari	3	da	0.015M
Turkish	3	da	0.015M
Polish	3	da	0.015M
Khmer	3	es	0.015M
Indonesian	3	et	0.015M
Urdu	3	cs	0.015M
Dari	3	cs	0.015M
Spanish	3	ca	0.015M
Dutch	3	ja	0.015M
Nepali	3	es	0.015M
Saami	3	es	0.015M
Maya	3	es	0.015M
Bulgarian	3	de	0.015M
Filipino	3	et	0.015M
Persian	3	et	0.015M
Tagalog	3	cs	0.015M
Georgian	3	et	0.015M
Kurdish	3	cs	0.015M
Romany	3	cs	0.015M
Wolof	3	cs	0.015M
Saami	3	cs	0.015M
Armenian	3	cs	0.015M
Danish	3	lt	0.015M
Flemish	3	bs	0.015M
Kazakh	3	fi	0.015M
Irish	3	en	0.015M
Slovak	3	bg	0.015M
Kurdish	3	bg	0.015M
Kirghiz	3	bg	0.015M
Mongolian	3	bg	0.015M
Malay	3	bg	0.015M
Kazakh	3	bg	0.015M
Bosnian	3	fi	0.015M
American Sign Language	3	ar	0.015M
Maya	3	bg	0.015M
Romany	3	hu	0.015M
Russian	3	lv	0.015M
Spanish	3	lv	0.015M
Portuguese	3	lv	0.015M
Sicilian	3	en	0.015M
Min Nan	3	ar	0.015M
Georgian	3	ar	0.015M
Macedonian	3	fr	0.015M
Khmer	3	fr	0.015M
Latvian	3	fr	0.015M
Basque	3	fr	0.015M
Min Nan	3	fr	0.015M
Sicilian	3	fr	0.015M
More	3	fr	0.015M
Saami	3	fr	0.015M
Telugu	3	fr	0.015M
Romany	3	fr	0.015M
Inuktitut	3	fr	0.015M
Slovenian	3	fr	0.015M
Mongolian	3	ar	0.015M
Saami	3	bg	0.015M
Belarusian	3	bg	0.015M
North American Indian	3	en	0.015M
Bosnian	3	hr	0.015M
Dari	3	fi	0.015M
Chinese	3	fi	0.015M
Kazakh	3	el	0.015M
Slovak	3	el	0.015M
Afrikaans	3	el	0.015M
American Sign Language	3	el	0.015M
Maya	3	el	0.015M
Portuguese	3	eo	0.015M
Dutch	3	eo	0.015M
Luxembourgish	3	en	0.015M
Urdu	3	hr	0.015M
Dari	3	hr	0.015M
American Sign Language	3	hr	0.015M
Dari	3	ar	0.015M
Scanian	3	en	0.015M
Haitian	3	en	0.015M
Belarusian	3	en	0.015M
Romany	3	en	0.015M
Maya	3	en	0.015M
Georgian	3	hr	0.015M
Gujarati	2	es	0.01M
Luxembourgish	2	es	0.01M
Bengali	2	sl	0.01M
Tswana	2	en	0.01M
Yiddish	2	es	0.01M
Oriya	2	en	0.01M
Xhosa	2	sl	0.01M
Maya	2	sl	0.01M
Hakka	2	es	0.01M
Tupi	2	es	0.01M
Pushto	2	es	0.01M
Hopi	2	es	0.01M
Marathi	2	es	0.01M
Amharic	2	es	0.01M
Gujarati	2	en	0.01M
Swahili	2	en	0.01M
Sanskrit	2	en	0.01M
Lingala	2	en	0.01M
Zulu	2	sl	0.01M
Latvian	2	es	0.01M
Indonesian	2	sk	0.01M
Bulgarian	2	sl	0.01M
Saami	2	sl	0.01M
Korean	2	eo	0.01M
None	2	eo	0.01M
Scanian	2	es	0.01M
Czech	2	eo	0.01M
Hindi	2	eo	0.01M
Flemish	2	sk	0.01M
Aboriginal	2	sk	0.01M
Macedonian	2	sk	0.01M
Tswana	2	sk	0.01M
Romany	2	sl	0.01M
Albanian	2	sk	0.01M
Maya	2	sk	0.01M
Filipino	2	sk	0.01M
Slovenian	2	sk	0.01M
Welsh	2	sk	0.01M
Zulu	2	sk	0.01M
Armenian	2	sk	0.01M
None	2	sk	0.01M
Romany	2	sk	0.01M
Bengali	2	sk	0.01M
Catalan	2	sl	0.01M
Filipino	2	sl	0.01M
Tamil	2	sl	0.01M
Tswana	2	es	0.01M
Ukrainian	2	et	0.01M
Kirghiz	2	es	0.01M
Punjabi	2	fi	0.01M
Macedonian	2	pt	0.01M
Kazakh	2	pt	0.01M
Ukrainian	2	pt	0.01M
Bambara	2	pt	0.01M
Tswana	2	fi	0.01M
Aboriginal	2	fi	0.01M
Romanian	2	fi	0.01M
Romany	2	fi	0.01M
Vietnamese	2	fi	0.01M
Tagalog	2	fi	0.01M
Indonesian	2	eu	0.01M
Maya	2	fi	0.01M
Belarusian	2	fi	0.01M
Saami	2	fi	0.01M
Ukrainian	2	fi	0.01M
Zulu	2	fi	0.01M
Tamil	2	fa	0.01M
Urdu	2	fa	0.01M
Serbian	2	fa	0.01M
Vietnamese	2	eu	0.01M
Lithuanian	2	pt	0.01M
Basque	2	pt	0.01M
Maori	2	pt	0.01M
Tswana	2	pt	0.01M
Kirghiz	2	fr	0.01M
Armenian	2	fr	0.01M
Tagalog	2	fr	0.01M
Kabuverdianu	2	fr	0.01M
American Sign Language	2	fr	0.01M
Pushto	2	fr	0.01M
Maya	2	fr	0.01M
Albanian	2	fr	0.01M
Punjabi	2	fr	0.01M
Irish	2	fr	0.01M
Burmese	2	fr	0.01M
Xhosa	2	fr	0.01M
Zulu	2	fr	0.01M
Aboriginal	2	pt	0.01M
Swiss German	2	pt	0.01M
Malayalam	2	pt	0.01M
Mongolian	2	pt	0.01M
Bulgarian	2	pt	0.01M
Tagalog	2	pt	0.01M
Kurdish	2	eu	0.01M
Mongolian	2	eu	0.01M
Burmese	2	es	0.01M
Aboriginal	2	ru	0.01M
Romany	2	ru	0.01M
Scanian	2	ru	0.01M
Armenian	2	ru	0.01M
Bosnian	2	ru	0.01M
Sicilian	2	ru	0.01M
Dari	2	ru	0.01M
Kazakh	2	ru	0.01M
Maya	2	ru	0.01M
Afrikaans	2	ru	0.01M
Bambara	2	ru	0.01M
Icelandic	2	eu	0.01M
Norwegian	2	si	0.01M
Malayalam	2	si	0.01M
Danish	2	si	0.01M
German	2	si	0.01M
Hungarian	2	si	0.01M
Cantonese	2	si	0.01M
Swahili	2	es	0.01M
Kabuverdianu	2	es	0.01M
Klingon	2	es	0.01M
Latvian	2	ru	0.01M
Catalan	2	et	0.01M
Tibetan	2	et	0.01M
Faroese	2	en	0.01M
Finnish	2	eu	0.01M
Arabic	2	eu	0.01M
Inuktitut	2	ro	0.01M
Xhosa	2	ro	0.01M
Maya	2	ro	0.01M
Khmer	2	ro	0.01M
Slovak	2	ro	0.01M
Burmese	2	ro	0.01M
Macedonian	2	ro	0.01M
Latvian	2	ro	0.01M
Afrikaans	2	ro	0.01M
Scanian	2	ro	0.01M
Dari	2	ro	0.01M
Bambara	2	ro	0.01M
Swahili	2	ro	0.01M
Vietnamese	2	et	0.01M
Serbo-Croatian	2	et	0.01M
Bosnian	2	et	0.01M
Dari	2	et	0.01M
Hakka	2	en	0.01M
Slovenian	2	el	0.01M
Yiddish	2	en	0.01M
Vietnamese	2	ze_en	0.01M
Swedish	2	vi	0.01M
Flemish	2	vi	0.01M
Dutch	2	vi	0.01M
Latin	2	vi	0.01M
Hungarian	2	vi	0.01M
Bengali	2	bn	0.01M
German	2	bn	0.01M
Italian	2	bn	0.01M
Russian	2	bn	0.01M
Arabic	2	bn	0.01M
Min Nan	2	ze_en	0.01M
Kabuverdianu	2	en	0.01M
Tamil	2	ze_en	0.01M
Thai	2	ze_en	0.01M
Indonesian	2	ze_en	0.01M
Polish	2	ze_en	0.01M
Finnish	2	ze_en	0.01M
Telugu	2	ze_en	0.01M
Serbian	2	ze_en	0.01M
Vietnamese	2	ze_zh	0.01M
Min Nan	2	ze_zh	0.01M
Tamil	2	ze_zh	0.01M
Turkish	2	vi	0.01M
Vietnamese	2	vi	0.01M
None	2	vi	0.01M
Serbian	2	vi	0.01M
North American Indian	2	tr	0.01M
Bambara	2	tr	0.01M
Hebrew	2	uk	0.01M
Dutch	2	uk	0.01M
Swedish	2	uk	0.01M
None	2	uk	0.01M
Icelandic	2	uk	0.01M
Portuguese	2	ur	0.01M
Georgian	2	bs	0.01M
Estonian	2	bs	0.01M
American Sign Language	2	bs	0.01M
Scanian	2	bs	0.01M
Bengali	2	bs	0.01M
Croatian	2	bs	0.01M
Romany	2	bs	0.01M
Tamil	2	bs	0.01M
Albanian	2	bs	0.01M
Armenian	2	bs	0.01M
Catalan	2	bs	0.01M
Mongolian	2	bs	0.01M
Chinese	2	vi	0.01M
Thai	2	ze_zh	0.01M
Indonesian	2	ze_zh	0.01M
Polish	2	ze_zh	0.01M
Armenian	2	ar	0.01M
Latin	2	ar	0.01M
Tagalog	2	ar	0.01M
Tibetan	2	ar	0.01M
Romany	2	ar	0.01M
Ukrainian	2	ar	0.01M
More	2	ar	0.01M
Maya	2	ar	0.01M
Punjabi	2	ar	0.01M
Belarusian	2	ar	0.01M
Macedonian	2	ar	0.01M
Malay	2	ar	0.01M
Klingon	2	ar	0.01M
Italian	2	af	0.01M
Swedish	2	af	0.01M
Polish	2	af	0.01M
Mongolian	2	zh_tw	0.01M
Telugu	2	zh_tw	0.01M
Icelandic	2	zh_tw	0.01M
Latin	2	zh_tw	0.01M
None	2	zh_tw	0.01M
Turkish	2	zh_tw	0.01M
Xhosa	2	ar	0.01M
Catalan	2	zh_cn	0.01M
Finnish	2	ze_zh	0.01M
Khmer	2	zh_cn	0.01M
Telugu	2	ze_zh	0.01M
Serbian	2	ze_zh	0.01M
Dari	2	bg	0.01M
Zulu	2	bg	0.01M
Yiddish	2	bg	0.01M
Tagalog	2	bg	0.01M
North American Indian	2	bg	0.01M
Pushto	2	bg	0.01M
Basque	2	bg	0.01M
Marathi	2	bg	0.01M
Bengali	2	bg	0.01M
Irish	2	bg	0.01M
Klingon	2	bg	0.01M
Amharic	2	bg	0.01M
Romany	2	bg	0.01M
Albanian	2	bg	0.01M
Afrikaans	2	bg	0.01M
Filipino	2	zh_cn	0.01M
Kazakh	2	zh_cn	0.01M
Bengali	2	zh_cn	0.01M
Romany	2	zh_cn	0.01M
Swahili	2	tr	0.01M
Sinhalese	2	tr	0.01M
Scanian	2	tr	0.01M
North American Indian	2	fr	0.01M
Tswana	2	sr	0.01M
Scanian	2	sr	0.01M
Latvian	2	sr	0.01M
Sicilian	2	sr	0.01M
Hawaiian	2	sr	0.01M
Kirghiz	2	sr	0.01M
Azerbaijani	2	sr	0.01M
Marathi	2	sr	0.01M
Zulu	2	sr	0.01M
Dari	2	sr	0.01M
Sinhalese	2	sr	0.01M
Malay	2	de	0.01M
Maya	2	de	0.01M
Kirghiz	2	de	0.01M
Dari	2	de	0.01M
Albanian	2	de	0.01M
Croatian	2	de	0.01M
Romany	2	de	0.01M
Tamil	2	de	0.01M
Faroese	2	de	0.01M
Ukrainian	2	de	0.01M
Malay	2	sr	0.01M
North American Indian	2	el	0.01M
Tibetan	2	sv	0.01M
Pushto	2	el	0.01M
None	2	sq	0.01M
Vietnamese	2	sq	0.01M
Serbian	2	sq	0.01M
Danish	2	sq	0.01M
Greek	2	sq	0.01M
Hebrew	2	sq	0.01M
Turkish	2	sq	0.01M
Romanian	2	sq	0.01M
Bosnian	2	sq	0.01M
Tupi	2	en	0.01M
Shanghainese	2	en	0.01M
Pushto	2	en	0.01M
Hmong	2	en	0.01M
Neapolitan	2	en	0.01M
Xhosa	2	en	0.01M
Sicilian	2	el	0.01M
Sign Languages	2	el	0.01M
Romany	2	el	0.01M
Marathi	2	el	0.01M
Min Nan	2	el	0.01M
Sinhalese	2	el	0.01M
Filipino	2	sv	0.01M
Aboriginal	2	sv	0.01M
Pushto	2	tr	0.01M
Tibetan	2	da	0.01M
Catalan	2	da	0.01M
Bambara	2	cs	0.01M
Afrikaans	2	cs	0.01M
Punjabi	2	cs	0.01M
Sicilian	2	cs	0.01M
American Sign Language	2	cs	0.01M
Zulu	2	cs	0.01M
Malay	2	cs	0.01M
Inuktitut	2	cs	0.01M
Burmese	2	cs	0.01M
More	2	cs	0.01M
Lithuanian	2	cs	0.01M
Hungarian	2	ca	0.01M
Catalan	2	ca	0.01M
Latvian	2	tr	0.01M
Slovak	2	tr	0.01M
Burmese	2	tr	0.01M
Punjabi	2	tr	0.01M
American Sign Language	2	tr	0.01M
Hokkien	2	tr	0.01M
Sicilian	2	tr	0.01M
Maya	2	da	0.01M
Faroese	2	da	0.01M
Kazakh	2	sv	0.01M
Filipino	2	da	0.01M
Saami	2	sv	0.01M
Tamil	2	sv	0.01M
Afrikaans	2	sv	0.01M
Dari	2	sv	0.01M
Tagalog	2	sv	0.01M
Swiss German	2	sv	0.01M
Punjabi	2	da	0.01M
Saami	2	da	0.01M
Serbo-Croatian	2	da	0.01M
Polish	2	th	0.01M
Danish	2	th	0.01M
Portuguese	2	th	0.01M
Malayalam	2	th	0.01M
Norwegian	2	th	0.01M
Filipino	2	th	0.01M
Persian	2	da	0.01M
English	2	tl	0.01M
French	2	tl	0.01M
Flemish	2	da	0.01M
Bosnian	2	da	0.01M
Vietnamese	2	da	0.01M
Hopi	2	fr	0.01M
Kannada	2	es	0.01M
Saami	2	hr	0.01M
Serbo-Croatian	2	ka	0.01M
Norwegian	2	ms	0.01M
Persian	2	ms	0.01M
Cantonese	2	ko	0.01M
Punjabi	2	hu	0.01M
Lithuanian	2	hu	0.01M
Sicilian	2	hu	0.01M
Malay	2	hu	0.01M
American Sign Language	2	hu	0.01M
Albanian	2	hu	0.01M
Polish	2	ko	0.01M
Haitian	2	fr	0.01M
Kazakh	2	gl	0.01M
North American Indian	2	hr	0.01M
Estonian	2	hr	0.01M
Zulu	2	hr	0.01M
Portuguese	2	ml	0.01M
Romany	2	hr	0.01M
Yiddish	2	pl	0.01M
Maya	2	pl	0.01M
Kazakh	2	pl	0.01M
Saami	2	pl	0.01M
Hokkien	2	pl	0.01M
Latvian	2	pl	0.01M
Burmese	2	pl	0.01M
Kannada	2	pl	0.01M
Slovak	2	hr	0.01M
Cantonese	2	lt	0.01M
Japanese	2	hi	0.01M
Spanish	2	gl	0.01M
Hebrew	2	gl	0.01M
Kurdish	2	ml	0.01M
Hebrew	2	ml	0.01M
Greek	2	ml	0.01M
Romanian	2	ml	0.01M
Telugu	2	ml	0.01M
Hungarian	2	ms	0.01M
Filipino	2	ms	0.01M
German	2	ms	0.01M
Telugu	2	ms	0.01M
Vietnamese	2	ms	0.01M
Malay	2	ms	0.01M
Italian	2	ko	0.01M
Dutch	2	ko	0.01M
Thai	2	ko	0.01M
Pushto	2	nl	0.01M
English	2	kk	0.01M
Sicilian	2	nl	0.01M
Lithuanian	2	nl	0.01M
Tibetan	2	nl	0.01M
French	2	lv	0.01M
Dari	2	nl	0.01M
Maya	2	nl	0.01M
Albanian	2	nl	0.01M
Estonian	2	nl	0.01M
Serbo-Croatian	2	gl	0.01M
Mongolian	2	hr	0.01M
Marathi	2	ml	0.01M
Hindi	2	ja	0.01M
Tupi	2	pt_br	0.01M
Lao	2	pt_br	0.01M
Persian	2	no	0.01M
Saami	2	no	0.01M
Greek	2	no	0.01M
Bengali	2	he	0.01M
Maya	2	he	0.01M
Vietnamese	2	ja	0.01M
Tagalog	2	he	0.01M
Hebrew	2	mk	0.01M
Dutch	2	mk	0.01M
Latin	2	mk	0.01M
Croatian	2	mk	0.01M
Indonesian	2	mk	0.01M
Urdu	2	he	0.01M
Tamil	2	he	0.01M
Dari	2	he	0.01M
Chinese	2	no	0.01M
Dari	2	no	0.01M
Thai	2	no	0.01M
Indonesian	2	no	0.01M
Vietnamese	2	no	0.01M
Hindi	2	no	0.01M
Czech	2	no	0.01M
Inuktitut	2	pt_br	0.01M
North American Indian	2	no	0.01M
Swahili	2	pt_br	0.01M
Latin	2	he	0.01M
Maya	2	hr	0.01M
Lithuanian	2	lt	0.01M
Hungarian	2	lt	0.01M
Romany	2	he	0.01M
Kazakh	2	he	0.01M
None	2	no	0.01M
Lingala	2	pt_br	0.01M
Sicilian	2	pt_br	0.01M
Luxembourgish	2	pt_br	0.01M
Kabuverdianu	2	pt_br	0.01M
Gujarati	2	pt_br	0.01M
Tibetan	2	he	0.01M
Pushto	2	pt_br	0.01M
Maya	2	hu	0.01M
Inuktitut	2	hu	0.01M
Kirghiz	2	pt_br	0.01M
Tswana	2	pt_br	0.01M
Klingon	2	hu	0.01M
Slovenian	2	hu	0.01M
Tagalog	2	hu	0.01M
Khmer	2	pt_br	0.01M
Kannada	2	pt_br	0.01M
Belarusian	1	cs	0.005M
Maya	1	cs	0.005M
Sindarin	1	cs	0.005M
Malayalam	1	cs	0.005M
Neapolitan	1	th	0.005M
Cree	1	cs	0.005M
Albanian	1	cs	0.005M
Aymara	1	cs	0.005M
Hokkien	1	cs	0.005M
Gallegan	1	cs	0.005M
Min Nan	1	nl	0.005M
Aramaic	1	cs	0.005M
Pushto	1	cs	0.005M
Luxembourgish	1	nl	0.005M
Sindarin	1	nl	0.005M
Latin	1	th	0.005M
Greek	1	th	0.005M
Hawaiian	1	nl	0.005M
Korean	1	tl	0.005M
Aramaic	1	tl	0.005M
Hindi	1	tl	0.005M
Frisian	1	nl	0.005M
Kru	1	nl	0.005M
Urdu	1	nl	0.005M
Dzongkha	1	nl	0.005M
Bengali	1	nl	0.005M
Kazakh	1	nl	0.005M
Neapolitan	1	nl	0.005M
Tswana	1	nl	0.005M
Slovenian	1	nl	0.005M
Occitan	1	pt_br	0.005M
Kinyarwanda	1	hu	0.005M
Hawaiian	1	cs	0.005M
Aramaic	1	bs	0.005M
Georgian	1	ja	0.005M
Dutch	1	hy	0.005M
German	1	hy	0.005M
Georgian	1	hy	0.005M
Maori	1	hu	0.005M
Cree	1	hu	0.005M
Southern Sotho	1	bs	0.005M
Aboriginal	1	ca	0.005M
Maya	1	bs	0.005M
Min Nan	1	bs	0.005M
Zulu	1	bs	0.005M
Aramaic	1	hu	0.005M
Malayalam	1	hu	0.005M
Sindarin	1	hu	0.005M
Icelandic	1	ja	0.005M
Thai	1	ja	0.005M
Persian	1	ja	0.005M
Turkish	1	ja	0.005M
Swedish	1	ja	0.005M
Hakka	1	tr	0.005M
Nepali	1	tr	0.005M
Dyula	1	tr	0.005M
Tswana	1	tr	0.005M
Turkmen	1	tr	0.005M
Kru	1	tr	0.005M
Southern Sotho	1	tr	0.005M
Amharic	1	tr	0.005M
Neapolitan	1	tr	0.005M
More	1	tr	0.005M
Fur	1	tr	0.005M
Ukrainian Sign Language	1	tr	0.005M
Korean	1	ca	0.005M
Arabic	1	ca	0.005M
Bengali	1	cs	0.005M
Marathi	1	cs	0.005M
Scanian	1	cs	0.005M
East-Greenlandic	1	cs	0.005M
Xhosa	1	cs	0.005M
Azerbaijani	1	cs	0.005M
Latvian	1	cs	0.005M
Kazakh	1	cs	0.005M
Basque	1	cs	0.005M
Estonian	1	ca	0.005M
Neapolitan	1	cs	0.005M
Maori	1	cs	0.005M
Kru	1	cs	0.005M
Low German	1	cs	0.005M
Sanskrit	1	cs	0.005M
Kannada	1	cs	0.005M
Hopi	1	cs	0.005M
Southern Sotho	1	cs	0.005M
Gujarati	1	cs	0.005M
Finnish	1	th	0.005M
Latvian	1	hu	0.005M
Burmese	1	hu	0.005M
Belarusian	1	hu	0.005M
Maltese	1	hu	0.005M
Esperanto	1	hu	0.005M
Kru	1	hu	0.005M
Kirghiz	1	hu	0.005M
Wolof	1	hu	0.005M
Low German	1	hu	0.005M
Scanian	1	hu	0.005M
Xhosa	1	hu	0.005M
East-Greenlandic	1	hu	0.005M
Mandarin	1	ca	0.005M
Zulu	1	th	0.005M
Saami	1	nl	0.005M
Serbian	1	th	0.005M
Urdu	1	de	0.005M
Ukrainian	1	hu	0.005M
Neapolitan	1	hu	0.005M
Hokkien	1	hu	0.005M
Armenian	1	de	0.005M
Scanian	1	de	0.005M
Telugu	1	de	0.005M
Azerbaijani	1	de	0.005M
Ukrainian	1	th	0.005M
Zulu	1	de	0.005M
Ladakhi	1	de	0.005M
Neapolitan	1	de	0.005M
Kazakh	1	de	0.005M
Hopi	1	de	0.005M
Burmese	1	de	0.005M
Luxembourgish	1	hu	0.005M
Gujarati	1	hu	0.005M
Azerbaijani	1	hu	0.005M
Macedonian	1	hu	0.005M
Tamil	1	nl	0.005M
Aramaic	1	nl	0.005M
Xhosa	1	nl	0.005M
Low German	1	nl	0.005M
Estonian	1	da	0.005M
Kurdish	1	da	0.005M
Scanian	1	nl	0.005M
Wolof	1	nl	0.005M
North American Indian	1	nl	0.005M
Telugu	1	nl	0.005M
Zulu	1	nl	0.005M
Haitian	1	nl	0.005M
Hopi	1	nl	0.005M
Afrikaans	1	de	0.005M
Inuktitut	1	de	0.005M
Xhosa	1	de	0.005M
Sindarin	1	sr	0.005M
Brazilian Sign Language	1	sr	0.005M
Neapolitan	1	sr	0.005M
Oriya	1	sr	0.005M
Lingala	1	sr	0.005M
Pushto	1	sr	0.005M
Kru	1	sr	0.005M
Cree	1	sr	0.005M
Xhosa	1	sr	0.005M
Bambara	1	sr	0.005M
Aramaic	1	sr	0.005M
Yiddish	1	sr	0.005M
Hokkien	1	sr	0.005M
Esperanto	1	sr	0.005M
Gujarati	1	sr	0.005M
Gallegan	1	sr	0.005M
Maori	1	de	0.005M
Nenets	1	sr	0.005M
Lao	1	sr	0.005M
Chechen	1	sr	0.005M
Irish	1	sr	0.005M
Dzongkha	1	sr	0.005M
Low German	1	sr	0.005M
Luxembourgish	1	sr	0.005M
Khmer	1	de	0.005M
More	1	de	0.005M
Hokkien	1	de	0.005M
Hawaiian	1	de	0.005M
Aramaic	1	de	0.005M
Irish	1	de	0.005M
Wolof	1	de	0.005M
Tajik	1	nl	0.005M
Afrikaans	1	nl	0.005M
Basque	1	nl	0.005M
Xhosa	1	tr	0.005M
Ukrainian	1	da	0.005M
Xhosa	1	da	0.005M
Scanian	1	da	0.005M
Neapolitan	1	da	0.005M
Hawaiian	1	da	0.005M
Cree	1	da	0.005M
Telugu	1	da	0.005M
Maori	1	da	0.005M
Afrikaans	1	da	0.005M
Tswana	1	da	0.005M
Kru	1	da	0.005M
Mongolian	1	da	0.005M
Cree	1	nl	0.005M
Ukrainian	1	nl	0.005M
Bulgarian	1	nl	0.005M
Telugu	1	te	0.005M
Croatian	1	nl	0.005M
Belarusian	1	nl	0.005M
Maori	1	nl	0.005M
Slovak	1	nl	0.005M
Malay	1	nl	0.005M
Tibetan	1	th	0.005M
Maya	1	th	0.005M
Tswana	1	th	0.005M
Telugu	1	th	0.005M
Romany	1	th	0.005M
Serbo-Croatian	1	th	0.005M
Turkish	1	th	0.005M
Min Nan	1	th	0.005M
Tagalog	1	th	0.005M
Urdu	1	da	0.005M
Hindi	1	te	0.005M
Faroese	1	sv	0.005M
Hawaiian	1	sv	0.005M
Maori	1	sv	0.005M
Tswana	1	sv	0.005M
Slovenian	1	sv	0.005M
Scanian	1	sv	0.005M
Lao	1	sv	0.005M
Cree	1	sv	0.005M
Neapolitan	1	sv	0.005M
Kurdish	1	sv	0.005M
Zulu	1	sv	0.005M
Ukrainian	1	sv	0.005M
Urdu	1	sv	0.005M
Georgian	1	sv	0.005M
Mongolian	1	sv	0.005M
Aramaic	1	sv	0.005M
Hokkien	1	sv	0.005M
Aramaic	1	da	0.005M
Maya	1	sv	0.005M
Belarusian	1	sv	0.005M
Albanian	1	sv	0.005M
Croatian	1	sv	0.005M
Romany	1	sv	0.005M
Kannada	1	sv	0.005M
Dzongkha	1	sv	0.005M
Kru	1	sv	0.005M
Armenian	1	sv	0.005M
Bulgarian	1	sv	0.005M
Latin	1	da	0.005M
Persian	1	ta	0.005M
Hindi	1	ta	0.005M
Tamil	1	ta	0.005M
Kinyarwanda	1	tr	0.005M
Kurdish	1	bs	0.005M
Guarani	1	tr	0.005M
East-Greenlandic	1	ar	0.005M
Southern Sotho	1	ar	0.005M
Albanian	1	ar	0.005M
Gujarati	1	ar	0.005M
Kru	1	ar	0.005M
Bulgarian	1	ar	0.005M
Luxembourgish	1	ar	0.005M
Sicilian	1	ar	0.005M
Neapolitan	1	ar	0.005M
Sindarin	1	ar	0.005M
Hokkien	1	ar	0.005M
Aramaic	1	ar	0.005M
Basque	1	ar	0.005M
Low German	1	ar	0.005M
Ukrainian Sign Language	1	ar	0.005M
Tswana	1	ar	0.005M
Polish	1	lt	0.005M
Slovenian	1	ar	0.005M
Kru	1	zh_cn	0.005M
Aboriginal	1	zh_cn	0.005M
Scots	1	zh_cn	0.005M
Sign Languages	1	zh_cn	0.005M
Afrikaans	1	zh_cn	0.005M
Fur	1	zh_cn	0.005M
Macedonian	1	zh_cn	0.005M
Low German	1	zh_cn	0.005M
Norwegian	1	lv	0.005M
Maya	1	zh_cn	0.005M
Lao	1	zh_cn	0.005M
Dari	1	zh_cn	0.005M
German	1	lv	0.005M
Icelandic	1	lv	0.005M
Korean	1	lv	0.005M
Afrikaans	1	ar	0.005M
Kannada	1	ar	0.005M
Neapolitan	1	zh_cn	0.005M
Aramaic	1	ml	0.005M
Neapolitan	1	ze_zh	0.005M
Flemish	1	ze_zh	0.005M
Sioux	1	ze_zh	0.005M
Aboriginal	1	ze_zh	0.005M
Latin	1	ze_zh	0.005M
Norwegian	1	ml	0.005M
Bosnian	1	ml	0.005M
Ukrainian	1	ze_zh	0.005M
Czech	1	ml	0.005M
None	1	ml	0.005M
Maya	1	ml	0.005M
Georgian	1	ml	0.005M
Amharic	1	ml	0.005M
American Sign Language	1	bg	0.005M
Burmese	1	ze_zh	0.005M
Aboriginal	1	ml	0.005M
Maya	1	lt	0.005M
Hindi	1	lt	0.005M
Italian	1	lt	0.005M
Arabic	1	lt	0.005M
Estonian	1	lt	0.005M
Ukrainian	1	lt	0.005M
Norwegian	1	lt	0.005M
Thai	1	lt	0.005M
Indonesian	1	lt	0.005M
Danish	1	ml	0.005M
Aramaic	1	lt	0.005M
Bulgarian	1	lt	0.005M
Indonesian	1	ml	0.005M
Estonian	1	ml	0.005M
Serbian	1	ml	0.005M
Tibetan	1	ml	0.005M
Nepali	1	zh_cn	0.005M
Armenian	1	zh_cn	0.005M
Neapolitan	1	bg	0.005M
Japanese	1	af	0.005M
Bengali	1	zh_tw	0.005M
American Sign Language	1	zh_tw	0.005M
Hungarian	1	lv	0.005M
Czech	1	mk	0.005M
Kazakh	1	mk	0.005M
Klingon	1	mk	0.005M
Russian	1	af	0.005M
Romany	1	zh_tw	0.005M
Danish	1	af	0.005M
Flemish	1	af	0.005M
None	1	mk	0.005M
Aramaic	1	mk	0.005M
Albanian	1	mk	0.005M
Swiss German	1	mk	0.005M
Aboriginal	1	zh_tw	0.005M
Maori	1	zh_tw	0.005M
Belarusian	1	mk	0.005M
Dari	1	zh_tw	0.005M
Gujarati	1	zh_tw	0.005M
Bosnian	1	zh_tw	0.005M
Zulu	1	zh_tw	0.005M
Aramaic	1	zh_tw	0.005M
Xhosa	1	zh_tw	0.005M
Maya	1	zh_tw	0.005M
Tibetan	1	zh_tw	0.005M
Albanian	1	zh_tw	0.005M
Irish	1	zh_tw	0.005M
Low German	1	zh_tw	0.005M
Sioux	1	zh_tw	0.005M
Macedonian	1	zh_tw	0.005M
Sign Languages	1	zh_tw	0.005M
Khmer	1	zh_tw	0.005M
Malay	1	mk	0.005M
Persian	1	mk	0.005M
Sioux	1	zh_cn	0.005M
Gujarati	1	zh_cn	0.005M
Zulu	1	zh_cn	0.005M
Sicilian	1	zh_cn	0.005M
Welsh	1	zh_cn	0.005M
Aramaic	1	zh_cn	0.005M
Hawaiian	1	zh_cn	0.005M
Mongolian	1	zh_cn	0.005M
More	1	zh_cn	0.005M
Slovak	1	ar	0.005M
Scanian	1	zh_cn	0.005M
Maori	1	zh_cn	0.005M
Slovenian	1	zh_cn	0.005M
Tibetan	1	zh_cn	0.005M
Lithuanian	1	zh_cn	0.005M
Punjabi	1	zh_cn	0.005M
Bosnian	1	zh_cn	0.005M
Scanian	1	ar	0.005M
Hungarian	1	mk	0.005M
Urdu	1	mk	0.005M
Xhosa	1	mk	0.005M
Catalan	1	mk	0.005M
Slovenian	1	mk	0.005M
Georgian	1	mk	0.005M
East-Greenlandic	1	mk	0.005M
Romanian	1	mk	0.005M
Danish	1	mk	0.005M
Hawaiian	1	ar	0.005M
Greek	1	mk	0.005M
Maya	1	mk	0.005M
Lithuanian	1	lv	0.005M
Maori	1	ar	0.005M
Kazakh	1	ar	0.005M
Zulu	1	ar	0.005M
Southern Sotho	1	bg	0.005M
Sign Languages	1	bg	0.005M
Dzongkha	1	tr	0.005M
Dzongkha	1	uk	0.005M
Finnish	1	uk	0.005M
Slovak	1	uk	0.005M
Swiss German	1	uk	0.005M
Persian	1	uk	0.005M
Mandarin	1	uk	0.005M
Serbian	1	uk	0.005M
Arabic	1	uk	0.005M
Brazilian Sign Language	1	bs	0.005M
Portuguese	1	uk	0.005M
Estonian	1	uk	0.005M
Hungarian	1	uk	0.005M
Russian	1	ka	0.005M
Min Nan	1	ja	0.005M
Latin	1	ja	0.005M
Inuktitut	1	uk	0.005M
Filipino	1	ka	0.005M
Dari	1	bs	0.005M
Neapolitan	1	bs	0.005M
Maori	1	ms	0.005M
Danish	1	ms	0.005M
Japanese	1	kk	0.005M
Spanish	1	ka	0.005M
Serbian	1	ka	0.005M
Hungarian	1	ka	0.005M
Tibetan	1	bs	0.005M
German	1	ur	0.005M
Haitian	1	bs	0.005M
Hopi	1	bs	0.005M
Hindi	1	ur	0.005M
Hebrew	1	ur	0.005M
Japanese	1	ur	0.005M
Arabic	1	ur	0.005M
Aboriginal	1	ja	0.005M
Burmese	1	bs	0.005M
Urdu	1	ms	0.005M
Cree	1	tr	0.005M
Zulu	1	tr	0.005M
Oriya	1	tr	0.005M
Azerbaijani	1	tr	0.005M
Gujarati	1	tr	0.005M
Hopi	1	tr	0.005M
Basque	1	tr	0.005M
Kabuverdianu	1	tr	0.005M
Aramaic	1	tr	0.005M
Maori	1	tr	0.005M
Hawaiian	1	tr	0.005M
East-Greenlandic	1	tr	0.005M
Belarusian	1	tr	0.005M
Sign Languages	1	tr	0.005M
Uzbek	1	tr	0.005M
Low German	1	tr	0.005M
Sindarin	1	tr	0.005M
Tswana	1	bs	0.005M
North American Indian	1	bs	0.005M
Afrikaans	1	bs	0.005M
Ukrainian	1	bs	0.005M
Kru	1	bs	0.005M
Urdu	1	bs	0.005M
Klingon	1	sr	0.005M
Kazakh	1	bs	0.005M
Sanskrit	1	bs	0.005M
Gallegan	1	tr	0.005M
Lithuanian	1	bs	0.005M
Xhosa	1	bs	0.005M
Greenlandic	1	tr	0.005M
Chechen	1	tr	0.005M
Tupi	1	tr	0.005M
Scots	1	tr	0.005M
Dutch	1	ms	0.005M
Maya	1	ms	0.005M
Inuktitut	1	bg	0.005M
Armenian	1	ko	0.005M
Burmese	1	ze_en	0.005M
Neapolitan	1	ze_en	0.005M
Flemish	1	ze_en	0.005M
Sioux	1	ze_en	0.005M
Aboriginal	1	ze_en	0.005M
Latin	1	ze_en	0.005M
Estonian	1	ko	0.005M
Aramaic	1	bg	0.005M
Catalan	1	ko	0.005M
Persian	1	ko	0.005M
None	1	ko	0.005M
Indonesian	1	ko	0.005M
Arabic	1	ko	0.005M
Cree	1	bg	0.005M
Ukrainian	1	ze_en	0.005M
Hopi	1	bg	0.005M
Sindarin	1	bg	0.005M
Low German	1	bg	0.005M
Hawaiian	1	bg	0.005M
Luxembourgish	1	bg	0.005M
Latvian	1	bg	0.005M
Kannada	1	bg	0.005M
Fur	1	bg	0.005M
Scanian	1	bg	0.005M
Sanskrit	1	bg	0.005M
Gujarati	1	bg	0.005M
East-Greenlandic	1	bg	0.005M
Sardinian	1	bg	0.005M
Kru	1	bg	0.005M
Sicilian	1	bg	0.005M
Maori	1	bg	0.005M
Xhosa	1	bg	0.005M
Hokkien	1	bg	0.005M
Chechen	1	bg	0.005M
Aramaic	1	ms	0.005M
Tamil	1	vi	0.005M
Georgian	1	vi	0.005M
Maya	1	vi	0.005M
Min Nan	1	vi	0.005M
Catalan	1	vi	0.005M
Persian	1	vi	0.005M
Kannada	1	vi	0.005M
Filipino	1	vi	0.005M
Afrikaans	1	vi	0.005M
Aramaic	1	vi	0.005M
Mongolian	1	ms	0.005M
Italian	1	ms	0.005M
Gujarati	1	ms	0.005M
Swedish	1	ms	0.005M
Punjabi	1	ms	0.005M
Norwegian	1	vi	0.005M
Maori	1	vi	0.005M
Portuguese	1	ko	0.005M
Oriya	1	bn	0.005M
Serbian	1	bn	0.005M
Thai	1	bn	0.005M
Persian	1	bn	0.005M
Dutch	1	bn	0.005M
Portuguese	1	bn	0.005M
Swedish	1	bn	0.005M
Maya	1	bn	0.005M
Urdu	1	vi	0.005M
Kurdish	1	bn	0.005M
Greek	1	bn	0.005M
Marathi	1	bn	0.005M
Indonesian	1	bn	0.005M
Tupi	1	vi	0.005M
Slovenian	1	vi	0.005M
Maori	1	sr	0.005M
Romanian	1	no	0.005M
Belarusian	1	sr	0.005M
Irish	1	ro	0.005M
Hawaiian	1	ro	0.005M
Sicilian	1	ro	0.005M
East-Greenlandic	1	ro	0.005M
Belarusian	1	ro	0.005M
Sign Languages	1	ro	0.005M
Pushto	1	ro	0.005M
Low German	1	ro	0.005M
Maori	1	ro	0.005M
Amharic	1	ro	0.005M
Southern Sotho	1	ro	0.005M
Lingala	1	ro	0.005M
Kru	1	ro	0.005M
Nepali	1	ro	0.005M
Tswana	1	ro	0.005M
Marathi	1	ro	0.005M
Samoan	1	ro	0.005M
Dzongkha	1	ro	0.005M
Hokkien	1	ro	0.005M
Kazakh	1	et	0.005M
Tamil	1	et	0.005M
Lao	1	ro	0.005M
Klingon	1	ro	0.005M
Scots	1	ro	0.005M
American Sign Language	1	ro	0.005M
Aramaic	1	ro	0.005M
Cree	1	ro	0.005M
Kirghiz	1	ro	0.005M
Oriya	1	ro	0.005M
Gujarati	1	ro	0.005M
Luxembourgish	1	ro	0.005M
Chechen	1	ro	0.005M
Sinhalese	1	ro	0.005M
Neapolitan	1	ro	0.005M
More	1	ro	0.005M
Xhosa	1	et	0.005M
Basque	1	eu	0.005M
Nepali	1	eu	0.005M
Amharic	1	eu	0.005M
Dari	1	eu	0.005M
Aboriginal	1	eu	0.005M
Serbo-Croatian	1	eu	0.005M
Kru	1	eu	0.005M
Dutch	1	eu	0.005M
Chinese	1	eu	0.005M
Greek	1	eu	0.005M
Maya	1	eu	0.005M
Bengali	1	eu	0.005M
Malay	1	fr	0.005M
Dzongkha	1	fr	0.005M
Belarusian	1	fr	0.005M
Estonian	1	eu	0.005M
Aramaic	1	eu	0.005M
Gallegan	1	gl	0.005M
Chinese	1	gl	0.005M
Hungarian	1	gl	0.005M
Bambara	1	gl	0.005M
Occitan	1	gl	0.005M
Georgian	1	gl	0.005M
Ukrainian	1	gl	0.005M
Swedish	1	gl	0.005M
Polish	1	gl	0.005M
Flemish	1	gl	0.005M
Greek	1	gl	0.005M
Danish	1	gl	0.005M
Armenian	1	gl	0.005M
Wolof	1	gl	0.005M
Catalan	1	gl	0.005M
Dutch	1	gl	0.005M
Aramaic	1	et	0.005M
Sicilian	1	et	0.005M
Malay	1	ru	0.005M
Nenets	1	es	0.005M
Esperanto	1	es	0.005M
Hausa	1	es	0.005M
Sindarin	1	es	0.005M
Hawaiian	1	es	0.005M
Sanskrit	1	es	0.005M
Sioux	1	es	0.005M
Brazilian Sign Language	1	es	0.005M
Maori	1	es	0.005M
Sinhalese	1	es	0.005M
Tajik	1	es	0.005M
Irish	1	es	0.005M
Purepecha	1	es	0.005M
North American Indian	1	es	0.005M
Chechen	1	es	0.005M
Aymara	1	es	0.005M
Azerbaijani	1	es	0.005M
Djerma	1	es	0.005M
Hopi	1	pl	0.005M
Basque	1	ru	0.005M
Pushto	1	ru	0.005M
Lao	1	ru	0.005M
East-Greenlandic	1	pl	0.005M
Maori	1	pl	0.005M
Greenlandic	1	pl	0.005M
Haitian	1	pl	0.005M
American Sign Language	1	pl	0.005M
Luxembourgish	1	pl	0.005M
Gujarati	1	pl	0.005M
Khmer	1	pl	0.005M
Low German	1	pl	0.005M
Belarusian	1	pl	0.005M
Aramaic	1	pl	0.005M
Scots	1	es	0.005M
Xhosa	1	es	0.005M
Kru	1	et	0.005M
Macedonian	1	et	0.005M
Romany	1	et	0.005M
Mongolian	1	et	0.005M
Afrikaans	1	et	0.005M
Zulu	1	et	0.005M
Belarusian	1	et	0.005M
Maya	1	et	0.005M
Latvian	1	et	0.005M
Swiss German	1	et	0.005M
Cree	1	et	0.005M
Neapolitan	1	et	0.005M
Maori	1	et	0.005M
Burmese	1	et	0.005M
Romanian	1	et	0.005M
Slovenian	1	et	0.005M
Croatian	1	et	0.005M
Hawaiian	1	et	0.005M
Aramaic	1	es	0.005M
Zulu	1	he	0.005M
Low German	1	es	0.005M
Belarusian	1	es	0.005M
Ukrainian Sign Language	1	es	0.005M
Sindarin	1	pl	0.005M
Lao	1	pl	0.005M
More	1	he	0.005M
Hawaiian	1	he	0.005M
Saami	1	et	0.005M
Lithuanian	1	he	0.005M
Maori	1	he	0.005M
Neapolitan	1	he	0.005M
Tswana	1	he	0.005M
Saami	1	he	0.005M
Xhosa	1	he	0.005M
Cree	1	fr	0.005M
Hokkien	1	fr	0.005M
Icelandic	1	fa	0.005M
Kurdish	1	fi	0.005M
Kru	1	fi	0.005M
Georgian	1	fi	0.005M
Cree	1	fi	0.005M
Greenlandic	1	fi	0.005M
Tibetan	1	fi	0.005M
Hopi	1	fi	0.005M
Filipino	1	fi	0.005M
Pushto	1	fi	0.005M
Sicilian	1	fi	0.005M
Bulgarian	1	fi	0.005M
Xhosa	1	fi	0.005M
Aramaic	1	fi	0.005M
Hokkien	1	fi	0.005M
Malay	1	fi	0.005M
Kannada	1	fi	0.005M
Faroese	1	fi	0.005M
Afrikaans	1	fi	0.005M
Macedonian	1	fi	0.005M
Tswana	1	fr	0.005M
Berber languages	1	fr	0.005M
Hawaiian	1	fr	0.005M
Faroese	1	fr	0.005M
Kinyarwanda	1	fr	0.005M
Latvian	1	fi	0.005M
Armenian	1	fi	0.005M
Neapolitan	1	fi	0.005M
Serbo-Croatian	1	fi	0.005M
Urdu	1	fi	0.005M
Sioux	1	fi	0.005M
Hawaiian	1	fi	0.005M
Southern Sotho	1	fi	0.005M
Mongolian	1	fi	0.005M
Sindarin	1	fi	0.005M
Tamil	1	fi	0.005M
Mongolian	1	fa	0.005M
Acholi	1	pt_br	0.005M
Sinhalese	1	pt_br	0.005M
Low German	1	pt_br	0.005M
Hokkien	1	pt_br	0.005M
Scots	1	pt_br	0.005M
Chechen	1	pt_br	0.005M
Irish	1	pt_br	0.005M
Faroese	1	pt_br	0.005M
Yiddish	1	pt_br	0.005M
Hakka	1	pt_br	0.005M
Southern Sotho	1	pt_br	0.005M
Belarusian	1	pt_br	0.005M
Klingon	1	pt_br	0.005M
Greenlandic	1	pt_br	0.005M
Sindarin	1	pt_br	0.005M
Hopi	1	pt_br	0.005M
Hawaiian	1	pt_br	0.005M
Scanian	1	pt_br	0.005M
Kinyarwanda	1	pt_br	0.005M
Cree	1	pt_br	0.005M
Neapolitan	1	pt_br	0.005M
Dzongkha	1	pt_br	0.005M
East-Greenlandic	1	pt_br	0.005M
Guarani	1	pt_br	0.005M
Nepali	1	pt_br	0.005M
Kru	1	pt_br	0.005M
Aramaic	1	pt_br	0.005M
Samoan	1	pt_br	0.005M
Malagasy	1	pt_br	0.005M
Quechua	1	pt_br	0.005M
Maori	1	pt_br	0.005M
Azerbaijani	1	pt_br	0.005M
Esperanto	1	pt_br	0.005M
Shanghainese	1	fr	0.005M
Fur	1	fr	0.005M
Tupi	1	fr	0.005M
Klingon	1	fr	0.005M
Kannada	1	fr	0.005M
Purepecha	1	fr	0.005M
Azerbaijani	1	fr	0.005M
East-Greenlandic	1	fr	0.005M
Gujarati	1	fr	0.005M
Luxembourgish	1	fr	0.005M
Sinhalese	1	fr	0.005M
Low German	1	fr	0.005M
Sardinian	1	fr	0.005M
Russian Sign Language	1	fr	0.005M
Lingala	1	fr	0.005M
Sindarin	1	fr	0.005M
Inuktitut	1	fi	0.005M
East-Greenlandic	1	pt	0.005M
Occitan	1	fr	0.005M
Nenets	1	fr	0.005M
Kru	1	fr	0.005M
Sicilian	1	fa	0.005M
Maya	1	fa	0.005M
Kannada	1	fa	0.005M
Malayalam	1	fa	0.005M
Tibetan	1	fa	0.005M
Bosnian	1	fa	0.005M
Aramaic	1	fa	0.005M
Dari	1	fa	0.005M
Aramaic	1	fr	0.005M
Punjabi	1	fa	0.005M
Tajik	1	fa	0.005M
Bulgarian	1	fa	0.005M
Maori	1	fa	0.005M
Estonian	1	fa	0.005M
Latin	1	fa	0.005M
Min Nan	1	pt	0.005M
Maya	1	pt	0.005M
Sindarin	1	pt	0.005M
Sicilian	1	pt	0.005M
Kru	1	pt	0.005M
Armenian	1	pt	0.005M
Acholi	1	pt	0.005M
Khmer	1	pt	0.005M
Klingon	1	pt	0.005M
Burmese	1	pt	0.005M
Swahili	1	pt	0.005M
Shona	1	pt	0.005M
Amharic	1	pt	0.005M
Neapolitan	1	pt	0.005M
Neapolitan	1	fr	0.005M
Scanian	1	fr	0.005M
Amharic	1	fr	0.005M
Maori	1	fr	0.005M
Scanian	1	pt	0.005M
Inuktitut	1	pt	0.005M
American Sign Language	1	pt	0.005M
Gallegan	1	pt	0.005M
Hawaiian	1	pt	0.005M
Cree	1	pt	0.005M
Croatian	1	pt	0.005M
Belarusian	1	pt	0.005M
Hopi	1	pt	0.005M
Luxembourgish	1	pt	0.005M
Gujarati	1	pt	0.005M
Azerbaijani	1	pt	0.005M
Sioux	1	pt	0.005M
Saami	1	pt	0.005M
Low German	1	pt	0.005M
Aramaic	1	pt	0.005M
Hokkien	1	pt	0.005M
Inuktitut	1	ru	0.005M
Belarusian	1	ru	0.005M
Wolof	1	sr	0.005M
More	1	hr	0.005M
East-Greenlandic	1	hr	0.005M
Armenian	1	hr	0.005M
Ukrainian	1	hr	0.005M
Scanian	1	hr	0.005M
Hawaiian	1	hr	0.005M
Sanskrit	1	hr	0.005M
Maori	1	hr	0.005M
Belarusian	1	hr	0.005M
Kurdish	1	hr	0.005M
Kazakh	1	hr	0.005M
Hopi	1	hr	0.005M
Afrikaans	1	hr	0.005M
Neapolitan	1	hr	0.005M
Marathi	1	hr	0.005M
Kru	1	hr	0.005M
Albanian	1	hr	0.005M
East-Greenlandic	1	en	0.005M
Maya	1	sq	0.005M
Cree	1	hr	0.005M
Aramaic	1	sq	0.005M
Tibetan	1	sq	0.005M
Catalan	1	sq	0.005M
Hungarian	1	sq	0.005M
Persian	1	sq	0.005M
Indonesian	1	sq	0.005M
Bengali	1	hr	0.005M
Zulu	1	sq	0.005M
Ukrainian	1	sq	0.005M
Kazakh	1	sq	0.005M
Czech	1	sq	0.005M
Latin	1	sq	0.005M
Latvian	1	hr	0.005M
Ryukyuan	1	en	0.005M
Russian Sign Language	1	en	0.005M
Sicilian	1	hr	0.005M
Xhosa	1	hr	0.005M
Neapolitan	1	sl	0.005M
Chinese	1	sl	0.005M
Dari	1	sl	0.005M
Tswana	1	sl	0.005M
Afrikaans	1	sl	0.005M
Aramaic	1	sl	0.005M
Malayalam	1	hi	0.005M
Low German	1	sl	0.005M
Cree	1	en	0.005M
Occitan	1	en	0.005M
Fur	1	en	0.005M
Guarani	1	en	0.005M
Tarahumara	1	en	0.005M
Dzongkha	1	en	0.005M
Maori	1	sl	0.005M
Ukrainian	1	sl	0.005M
Kriolu	1	en	0.005M
Kinyarwanda	1	sl	0.005M
Kru	1	en	0.005M
Dyula	1	en	0.005M
Greenlandic	1	en	0.005M
Greenlandic	1	sl	0.005M
Albanian	1	sl	0.005M
More	1	sl	0.005M
Punjabi	1	sl	0.005M
Kazakh	1	sl	0.005M
Belarusian	1	sl	0.005M
Malayalam	1	sl	0.005M
American Sign Language	1	sl	0.005M
Hawaiian	1	sl	0.005M
Mongolian	1	sl	0.005M
Inuktitut	1	sl	0.005M
Kannada	1	hr	0.005M
Malay	1	hr	0.005M
Hokkien	1	ru	0.005M
Neapolitan	1	el	0.005M
Scanian	1	no	0.005M
Tibetan	1	no	0.005M
Ukrainian	1	no	0.005M
Urdu	1	no	0.005M
Latin	1	no	0.005M
Scanian	1	el	0.005M
Urdu	1	el	0.005M
Turkish	1	no	0.005M
Chechen	1	el	0.005M
Klingon	1	el	0.005M
Amharic	1	el	0.005M
Inuktitut	1	el	0.005M
More	1	el	0.005M
Kru	1	el	0.005M
Slovak	1	no	0.005M
Cree	1	no	0.005M
Lingala	1	el	0.005M
American Sign Language	1	de	0.005M
Burmese	1	sr	0.005M
Kannada	1	sr	0.005M
Amharic	1	sr	0.005M
East-Greenlandic	1	sr	0.005M
Southern Sotho	1	sr	0.005M
Yakut	1	sr	0.005M
Amharic	1	de	0.005M
Maya	1	no	0.005M
Belarusian	1	de	0.005M
Mongolian	1	de	0.005M
Inupiaq	1	de	0.005M
Greenlandic	1	de	0.005M
Sioux	1	pt_br	0.005M
Afrikaans	1	no	0.005M
Burmese	1	el	0.005M
Tupi	1	el	0.005M
Tagalog	1	hr	0.005M
Filipino	1	no	0.005M
Low German	1	el	0.005M
Xhosa	1	el	0.005M
Aramaic	1	el	0.005M
Wolof	1	el	0.005M
Bosnian	1	no	0.005M
Faroese	1	no	0.005M
Xhosa	1	no	0.005M
Bambara	1	el	0.005M
Punjabi	1	no	0.005M
Serbo-Croatian	1	no	0.005M
Flemish	1	no	0.005M
Tswana	1	no	0.005M
Basque	1	hr	0.005M
Aramaic	1	hr	0.005M
Kannada	1	el	0.005M
Yiddish	1	el	0.005M
Saami	1	el	0.005M
Cree	1	el	0.005M
Sindarin	1	el	0.005M
Hokkien	1	el	0.005M
Khmer	1	el	0.005M
East-Greenlandic	1	el	0.005M
Ukrainian	1	el	0.005M
Belarusian	1	el	0.005M
Basque	1	el	0.005M
Maori	1	el	0.005M
Lao	1	el	0.005M
Hawaiian	1	el	0.005M
Hopi	1	el	0.005M
Luxembourgish	1	el	0.005M
Gujarati	1	el	0.005M
Azerbaijani	1	el	0.005M
Turkmen	1	en	0.005M
Cherokee	1	en	0.005M
Maori	1	en	0.005M
Hawaiian	1	pl	0.005M
Kru	1	pl	0.005M
Lingala	1	pl	0.005M
Dzongkha	1	pl	0.005M
Neapolitan	1	pl	0.005M
Klingon	1	pl	0.005M
Tswana	1	pl	0.005M
Samoan	1	es	0.005M
Swahili	1	pl	0.005M
Cree	1	es	0.005M
Inupiaq	1	es	0.005M
Lingala	1	es	0.005M
Neapolitan	1	es	0.005M
Guarani	1	es	0.005M
Dzongkha	1	es	0.005M
Mandarin	1	lv	0.005M
Southern Sotho	1	pl	0.005M
Swedish	1	si	0.005M
Ukrainian	1	he	0.005M
Swiss German	1	he	0.005M
Afrikaans	1	he	0.005M
Lao	1	he	0.005M
Basque	1	he	0.005M
Saami	1	eo	0.005M
Greek	1	eo	0.005M
Kru	1	he	0.005M
Armenian	1	pl	0.005M
Low German	1	he	0.005M
Kannada	1	he	0.005M
East-Greenlandic	1	he	0.005M
Belarusian	1	he	0.005M
Klingon	1	he	0.005M
More	1	pl	0.005M
Russian	1	si	0.005M
Spanish	1	si	0.005M
Samoan	1	en	0.005M
Sardinian	1	ru	0.005M
Maori	1	ru	0.005M
Amharic	1	ru	0.005M
American Sign Language	1	ru	0.005M
Kabuverdianu	1	ru	0.005M
Aramaic	1	ru	0.005M
More	1	ru	0.005M
Bhojpuri	1	ru	0.005M
Shanxi	1	ru	0.005M
Kirghiz	1	ru	0.005M
Sign Languages	1	ru	0.005M
Tagalog	1	ru	0.005M
Tarahumara	1	ru	0.005M
Tswana	1	ru	0.005M
Urdu	1	ru	0.005M
Low German	1	ru	0.005M
Hakka	1	ru	0.005M
Japanese	1	si	0.005M
Haitian	1	es	0.005M
Chechen	1	pl	0.005M
Scanian	1	pl	0.005M
Sicilian	1	pl	0.005M
Cree	1	pl	0.005M
Basque	1	pl	0.005M
Pushto	1	pl	0.005M
Kru	1	es	0.005M
Sanskrit	1	ru	0.005M
Kinyarwanda	1	es	0.005M
East-Greenlandic	1	es	0.005M
Occitan	1	es	0.005M
Fur	1	es	0.005M
Tarahumara	1	es	0.005M
Kannada	1	ru	0.005M
Sindarin	1	he	0.005M
Malayalam	1	he	0.005M
Telugu	1	he	0.005M
Kurdish	1	hi	0.005M
Sindarin	1	en	0.005M
Djerma	1	en	0.005M
Low German	1	en	0.005M
Yakut	1	en	0.005M
Yoruba	1	en	0.005M
Inupiaq	1	en	0.005M
French	1	hi	0.005M
Esperanto	1	en	0.005M
Aramaic	1	hi	0.005M
Bengali	1	hi	0.005M
Tamil	1	hi	0.005M
Scanian	1	hi	0.005M
Inuktitut	1	eo	0.005M
Esperanto	1	eo	0.005M
Scots	1	en	0.005M
Chechen	1	en	0.005M
Aramaic	1	he	0.005M
Sioux	1	en	0.005M
Kinyarwanda	1	en	0.005M
Sardinian	1	en	0.005M
Azerbaijani	1	en	0.005M
Hausa	1	en	0.005M
Breton	1	en	0.005M
Hawaiian	1	en	0.005M
Nenets	1	en	0.005M
Aramaic	1	en	0.005M
Ukrainian Sign Language	1	en	0.005M
Tajik	1	en	0.005M
Klingon	1	en	0.005M
Purepecha	1	en	0.005M
Southern Sotho	1	en	0.005M
Karen	1	en	0.005M
Georgian	1	eo	0.005M
Swedish	1	eo	0.005M
Polish	1	eo	0.005M
Bulgarian	1	sk	0.005M
Sign Languages	1	sk	0.005M
Gallegan	1	sk	0.005M
Gujarati	1	sk	0.005M
Dari	1	sk	0.005M
Min Nan	1	sk	0.005M
Belarusian	1	sk	0.005M
Estonian	1	sk	0.005M
Tamil	1	sk	0.005M
Russian	1	hi	0.005M
Danish	1	hi	0.005M
German	1	hi	0.005M
Turkish	1	hi	0.005M
Italian	1	hi	0.005M
Sinhalese	1	he	0.005M
Scanian	1	sk	0.005M
Swiss German	1	sk	0.005M
Kurdish	1	sk	0.005M
Tibetan	1	sk	0.005M
Kannada	1	sk	0.005M
Vietnamese	1	sk	0.005M
Southern Sotho	1	sk	0.005M
Telugu	1	sk	0.005M
Tagalog	1	sk	0.005M
Hawaiian	1	sk	0.005M
Aramaic	1	sk	0.005M
Xhosa	1	sk	0.005M
Sicilian	1	sk	0.005M
Oriya	1	sk	0.005M
Punjabi	1	sk	0.005M
Afrikaans	1	sk	0.005M
Lithuanian	1	sk	0.005M
Filipino	1	zh_tw	0.005M
